,,ТИП,ПРОДУКТ,ПРОГРАММА,"Стоимость продукта

*только для продуктов с фиксированной стоимостью",ВАЛЮТА,ПОСТАВЩИК,% DS,Свойство,Срок Контракта,Год выплаты КВ,Баллы,МЕТОДИКА РАСЧЕТА БАЛЛОВ,Комментарии,Категория
,,3,4,5,6,7,8,9,,,,13,14,15,16
,,,,,,,,,,,,,,,
"
",,UNIT LINKED (инвестиции в страховой оболочке),,,,,,,,,,,,,
"
",,,,,"Пример расчета: Клиент открыл контракт Investor Trust Evolution, программа EVO 25 с ежемесячным пополнением 500 $, курс доллара для расчет 95 р. 

1 год - с каждого ежемесячного взноса начисляется 500 * 95/100 * 0,775 = 368 баллов
2 год - с каждого ежемесячного взноса начисляется 500 * 95/100 * 0,1225 = 58 баллов
3 год - с каждого ежемесячного взноса начисляется 500 * 95/100 * 0,105 = 50 баллов
4 год - с каждого ежемесячного взноса начисляется 500 * 95/100 * 0,056 = 27 баллов
5 год - с каждого ежемесячного взноса начисляется 500 * 95/100 * 0,032 = 15 баллов
",,,,,,,,,,
"
","продукт оставлем, обучение только в базе знаний, никак не пиарим ",Регулярные взносы + страховая оболочка,Investor Trust Evolution,EVO,,USD,ITA,"77,50%",,25,1 год,,"Сумма оплаты клиента*курс валюты/100*0,775",,Страховая оболочка
,,Регулярные взносы + страховая оболочка,Investor Trust Evolution,EVO,,USD,ITA,"12,25%",,25,2 год,,"Сумма оплаты клиента*курс валюты/100*0,1225",,Страховая оболочка
,,Регулярные взносы + страховая оболочка,Investor Trust Evolution,EVO,,USD,ITA,"10,50%",,25,3 год,,"Сумма оплаты клиента*курс валюты/100*0,105",,Страховая оболочка
,,Регулярные взносы + страховая оболочка,Investor Trust Evolution,EVO,,USD,ITA,"5,60%",,25,4 год,,"Сумма оплаты клиента*курс валюты/100*0,056",,Страховая оболочка
,,Регулярные взносы + страховая оболочка,Investor Trust Evolution,EVO,,USD,ITA,"3,20%",,25,5 год,,"Сумма оплаты клиента*курс валюты/100*0,032",,Страховая оболочка
"
","продукт оставлем, обучение только в базе знаний, никак не пиарим ",Регулярные взносы + страховая оболочка,Investor Trust Evolution,EVO,,USD,ITA,"67,50%",,20,1 год,,"Сумма оплаты клиента*курс валюты/100*0,675",,Страховая оболочка
,"продукт оставлем, обучение только в базе знаний, никак не пиарим ",Регулярные взносы + страховая оболочка,Investor Trust Evolution,EVO,,USD,ITA,"7,00%",,20,2 год,,"Сумма оплаты клиента*курс валюты/100*0,07",,Страховая оболочка
,"продукт оставлем, обучение только в базе знаний, никак не пиарим ",Регулярные взносы + страховая оболочка,Investor Trust Evolution,EVO,,USD,ITA,"6,50%",,20,3 год,,"Сумма оплаты клиента*курс валюты/100*0,065",,Страховая оболочка
,"продукт оставлем, обучение только в базе знаний, никак не пиарим ",Регулярные взносы + страховая оболочка,Investor Trust Evolution,EVO,,USD,ITA,"3,00%",,20,4 год,,"Сумма оплаты клиента*курс валюты/100*0,03",,Страховая оболочка
,"продукт оставлем, обучение только в базе знаний, никак не пиарим ",Регулярные взносы + страховая оболочка,Investor Trust Evolution,EVO,,USD,ITA,"2,00%",,20,5 год,,"Сумма оплаты клиента*курс валюты/100*0,02",,Страховая оболочка
"
","продукт оставлем, обучение только в базе знаний, никак не пиарим ",Регулярные взносы + страховая оболочка,Investor Trust Evolution,EVO,,USD,ITA,"47,50%",,15,1 год,,"Сумма оплаты клиента*курс валюты/100*0,475",,Страховая оболочка
,"продукт оставлем, обучение только в базе знаний, никак не пиарим ",Регулярные взносы + страховая оболочка,Investor Trust Evolution,EVO,,USD,ITA,"6,00%",,15,2 год,,"Сумма оплаты клиента*курс валюты/100*0,06",,Страховая оболочка
,"продукт оставлем, обучение только в базе знаний, никак не пиарим ",Регулярные взносы + страховая оболочка,Investor Trust Evolution,EVO,,USD,ITA,"5,50%",,15,3 год,,"Сумма оплаты клиента*курс валюты/100*0,055",,Страховая оболочка
,"продукт оставлем, обучение только в базе знаний, никак не пиарим ",Регулярные взносы + страховая оболочка,Investor Trust Evolution,EVO,,USD,ITA,"2,80%",,15,4 год,,"Сумма оплаты клиента*курс валюты/100*0,028",,Страховая оболочка
,"продукт оставлем, обучение только в базе знаний, никак не пиарим ",Регулярные взносы + страховая оболочка,Investor Trust Evolution,EVO,,USD,ITA,"2,00%",,15,5 год,,"Сумма оплаты клиента*курс валюты/100*0,02",,Страховая оболочка
"
","продукт оставлем, обучение только в базе знаний, никак не пиарим ",Регулярные взносы + страховая оболочка,Investor Trust Evolution,EVO,,USD,ITA,"29,50%",,10,1 год,,"Сумма оплаты клиента*курс валюты/100*0,295",,Страховая оболочка
,"продукт оставлем, обучение только в базе знаний, никак не пиарим ",Регулярные взносы + страховая оболочка,Investor Trust Evolution,EVO,,USD,ITA,"5,75%",,10,2 год,,"Сумма оплаты клиента*курс валюты/100*0,0575",,Страховая оболочка
,"продукт оставлем, обучение только в базе знаний, никак не пиарим ",Регулярные взносы + страховая оболочка,Investor Trust Evolution,EVO,,USD,ITA,"5,00%",,10,3 год,,"Сумма оплаты клиента*курс валюты/100*0,05",,Страховая оболочка
,"продукт оставлем, обучение только в базе знаний, никак не пиарим ",Регулярные взносы + страховая оболочка,Investor Trust Evolution,EVO,,USD,ITA,"2,20%",,10,4 год,,"Сумма оплаты клиента*курс валюты/100*0,022",,Страховая оболочка
,"продукт оставлем, обучение только в базе знаний, никак не пиарим ",Регулярные взносы + страховая оболочка,Investor Trust Evolution,EVO,,USD,ITA,"2,00%",,10,5 год,,"Сумма оплаты клиента*курс валюты/100*0,02",,Страховая оболочка
"
","продукт оставлем, обучение только в базе знаний, никак не пиарим ",Регулярные взносы + страховая оболочка,Investor Trust Evolution,EVO,,USD,ITA,"15,50%",,5,1 год,,"Сумма оплаты клиента*курс валюты/100*0,155",,Страховая оболочка
,"продукт оставлем, обучение только в базе знаний, никак не пиарим ",Регулярные взносы + страховая оболочка,Investor Trust Evolution,EVO,,USD,ITA,"4,75%",,5,2 год,,"Сумма оплаты клиента*курс валюты/100*0,0475",,Страховая оболочка
,"продукт оставлем, обучение только в базе знаний, никак не пиарим ",Регулярные взносы + страховая оболочка,Investor Trust Evolution,EVO,,USD,ITA,"2,00%",,5,3 год,,"Сумма оплаты клиента*курс валюты/100*0,02",,Страховая оболочка
,"продукт оставлем, обучение только в базе знаний, никак не пиарим ",Регулярные взносы + страховая оболочка,Investor Trust Evolution,EVO,,USD,ITA,"2,00%",,5,4 год,,"Сумма оплаты клиента*курс валюты/100*0,02",,Страховая оболочка
,"продукт оставлем, обучение только в базе знаний, никак не пиарим ",Регулярные взносы + страховая оболочка,Investor Trust Evolution,EVO,,USD,ITA,"2,00%",,5,5 год,,"Сумма оплаты клиента*курс валюты/100*0,02",,Страховая оболочка
"
","продукт оставлем, обучение только в базе знаний, никак не пиарим ",Регулярные взносы + страховая оболочка,Investor Trust Assurance SPX,SPX-X,,USD,ITA,"72,50%",,20,1 год,,"Сумма оплаты клиента*курс валюты/100*0,725",,Страховая оболочка
,"продукт оставлем, обучение только в базе знаний, никак не пиарим ",Регулярные взносы + страховая оболочка,Investor Trust Assurance SPX,SPX-X,,USD,ITA,"5,25%",,20,2 год,,"Сумма оплаты клиента*курс валюты/100*0,0525",,Страховая оболочка
,"продукт оставлем, обучение только в базе знаний, никак не пиарим ",Регулярные взносы + страховая оболочка,Investor Trust Assurance SPX,SPX-X,,USD,ITA,"5,25%",,20,3 год,,"Сумма оплаты клиента*курс валюты/100*0,0525",,Страховая оболочка
,"продукт оставлем, обучение только в базе знаний, никак не пиарим ",Регулярные взносы + страховая оболочка,Investor Trust Assurance SPX,SPX-X,,USD,ITA,"2,80%",,20,4 год,,"Сумма оплаты клиента*курс валюты/100*0,028",,Страховая оболочка
,"продукт оставлем, обучение только в базе знаний, никак не пиарим ",Регулярные взносы + страховая оболочка,Investor Trust Assurance SPX,SPX-X,,USD,ITA,"2,00%",,20,5 год,,"Сумма оплаты клиента*курс валюты/100*0,02",,Страховая оболочка
"
","продукт оставлем, обучение только в базе знаний, никак не пиарим ",Регулярные взносы + страховая оболочка,Investor Trust Assurance SPX,SPX-X,,USD,ITA,"67,50%",,15,1 год,,"Сумма оплаты клиента*курс валюты/100*0,675",,Страховая оболочка
,"продукт оставлем, обучение только в базе знаний, никак не пиарим ",Регулярные взносы + страховая оболочка,Investor Trust Assurance SPX,SPX-X,,USD,ITA,"5,25%",,15,2 год,,"Сумма оплаты клиента*курс валюты/100*0,0525",,Страховая оболочка
,"продукт оставлем, обучение только в базе знаний, никак не пиарим ",Регулярные взносы + страховая оболочка,Investor Trust Assurance SPX,SPX-X,,USD,ITA,"5,25%",,15,3 год,,"Сумма оплаты клиента*курс валюты/100*0,0525",,Страховая оболочка
,"продукт оставлем, обучение только в базе знаний, никак не пиарим ",Регулярные взносы + страховая оболочка,Investor Trust Assurance SPX,SPX-X,,USD,ITA,"2,80%",,15,4 год,,"Сумма оплаты клиента*курс валюты/100*0,028",,Страховая оболочка
,"продукт оставлем, обучение только в базе знаний, никак не пиарим ",Регулярные взносы + страховая оболочка,Investor Trust Assurance SPX,SPX-X,,USD,ITA,"2,00%",,15,5 год,,"Сумма оплаты клиента*курс валюты/100*0,02",,Страховая оболочка
"
","продукт оставлем, обучение только в базе знаний, никак не пиарим ",Регулярные взносы + страховая оболочка,Investor Trust Assurance SPX,SPX-X,,USD,ITA,"29,50%",,10,1 год,,"Сумма оплаты клиента*курс валюты/100*0,295",,Страховая оболочка
,"продукт оставлем, обучение только в базе знаний, никак не пиарим ",Регулярные взносы + страховая оболочка,Investor Trust Assurance SPX,SPX-X,,USD,ITA,"4,75%",,10,2 год,,"Сумма оплаты клиента*курс валюты/100*0,0475",,Страховая оболочка
,"продукт оставлем, обучение только в базе знаний, никак не пиарим ",Регулярные взносы + страховая оболочка,Investor Trust Assurance SPX,SPX-X,,USD,ITA,"2,00%",,10,3 год,,"Сумма оплаты клиента*курс валюты/100*0,02",,Страховая оболочка
,"продукт оставлем, обучение только в базе знаний, никак не пиарим ",Регулярные взносы + страховая оболочка,Investor Trust Assurance SPX,SPX-X,,USD,ITA,"2,00%",,10,4 год,,"Сумма оплаты клиента*курс валюты/100*0,02",,Страховая оболочка
,"продукт оставлем, обучение только в базе знаний, никак не пиарим ",Регулярные взносы + страховая оболочка,Investor Trust Assurance SPX,SPX-X,,USD,ITA,"2,00%",,10,5 год,,"Сумма оплаты клиента*курс валюты/100*0,02",,Страховая оболочка
"
","продукт оставлем, обучение только в базе знаний, никак не пиарим ",Регулярные взносы + страховая оболочка,Investor Trust MSCI Index,MSCI-X,,USD,ITA,"72,50%",,20,1 год,,"Сумма оплаты клиента*курс валюты/100*0,725",,Страховая оболочка
,"продукт оставлем, обучение только в базе знаний, никак не пиарим ",Регулярные взносы + страховая оболочка,Investor Trust MSCI Index,MSCI-X,,USD,ITA,"5,25%",,20,2 год,,"Сумма оплаты клиента*курс валюты/100*0,0525",,Страховая оболочка
,"продукт оставлем, обучение только в базе знаний, никак не пиарим ",Регулярные взносы + страховая оболочка,Investor Trust MSCI Index,MSCI-X,,USD,ITA,"5,25%",,20,3 год,,"Сумма оплаты клиента*курс валюты/100*0,0525",,Страховая оболочка
,"продукт оставлем, обучение только в базе знаний, никак не пиарим ",Регулярные взносы + страховая оболочка,Investor Trust MSCI Index,MSCI-X,,USD,ITA,"2,80%",,20,4 год,,"Сумма оплаты клиента*курс валюты/100*0,028",,Страховая оболочка
,"продукт оставлем, обучение только в базе знаний, никак не пиарим ",Регулярные взносы + страховая оболочка,Investor Trust MSCI Index,MSCI-X,,USD,ITA,"2,00%",,20,5 год,,"Сумма оплаты клиента*курс валюты/100*0,02",,Страховая оболочка
"
","продукт оставлем, обучение только в базе знаний, никак не пиарим ",Регулярные взносы + страховая оболочка,Investor Trust MSCI Index,MSCI-X,,USD,ITA,"67,50%",,15,1 год,,"Сумма оплаты клиента*курс валюты/100*0,675",,Страховая оболочка
,"продукт оставлем, обучение только в базе знаний, никак не пиарим ",Регулярные взносы + страховая оболочка,Investor Trust MSCI Index,MSCI-X,,USD,ITA,"5,25%",,15,2 год,,"Сумма оплаты клиента*курс валюты/100*0,0525",,Страховая оболочка
,"продукт оставлем, обучение только в базе знаний, никак не пиарим ",Регулярные взносы + страховая оболочка,Investor Trust MSCI Index,MSCI-X,,USD,ITA,"5,25%",,15,3 год,,"Сумма оплаты клиента*курс валюты/100*0,0525",,Страховая оболочка
,"продукт оставлем, обучение только в базе знаний, никак не пиарим ",Регулярные взносы + страховая оболочка,Investor Trust MSCI Index,MSCI-X,,USD,ITA,"2,80%",,15,4 год,,"Сумма оплаты клиента*курс валюты/100*0,028",,Страховая оболочка
,"продукт оставлем, обучение только в базе знаний, никак не пиарим ",Регулярные взносы + страховая оболочка,Investor Trust MSCI Index,MSCI-X,,USD,ITA,"2,00%",,15,5 год,,"Сумма оплаты клиента*курс валюты/100*0,02",,Страховая оболочка
"
","продукт оставлем, обучение только в базе знаний, никак не пиарим ",Регулярные взносы + страховая оболочка,Investor Trust MSCI Index,MSCI-X,,USD,ITA,"29,50%",,10,1 год,,"Сумма оплаты клиента*курс валюты/100*0,295",,Страховая оболочка
,,Регулярные взносы + страховая оболочка,Investor Trust MSCI Index,MSCI-X,,USD,ITA,"4,75%",,10,2 год,,"Сумма оплаты клиента*курс валюты/100*0,0475",,
,,Регулярные взносы + страховая оболочка,Investor Trust MSCI Index,MSCI-X,,USD,ITA,"2,00%",,10,3 год,,"Сумма оплаты клиента*курс валюты/100*0,02",,
,,Регулярные взносы + страховая оболочка,Investor Trust MSCI Index,MSCI-X,,USD,ITA,"2,00%",,10,4 год,,"Сумма оплаты клиента*курс валюты/100*0,02",,
,,Регулярные взносы + страховая оболочка,Investor Trust MSCI Index,MSCI-X,,USD,ITA,"2,00%",,10,5 год,,"Сумма оплаты клиента*курс валюты/100*0,02",,
"
",,Единовременные взносы + страховая оболочка,Investors Trust Access Portfolio,ACS5000,,USD,ITA,"6,00%",,,,,"Сумма оплаты клиента*курс валюты/100*0,06",,
"
",,Единовременные взносы + страховая оболочка,Investors Trust Access Portfolio,ACS8000,,USD,ITA,"6,00%",,,,,"Сумма оплаты клиента*курс валюты/100*0,06",,
"
",,Единовременные взносы + страховая оболочка,Investors Trust Platinum Select,PLATS,,USD,ITA,"6,00%",,,,,"Сумма оплаты клиента*курс валюты/100*0,06",,
,,Единовременные взносы + страховая оболочка,Investors Trust Platinum PLUS,PLATP,,USD,ITA,"0,75%",,,,,"Сумма оплаты клиента*курс валюты/100*0,0075",,
,,Единовременные взносы + страховая оболочка,Investors Trust Fixed Income,FIFR03,,USD,ITA,"2,25%",,,,,"Сумма оплаты клиента*курс валюты/100*0,0076",,
,,Регулярные взносы + страховая оболочка,Medlife,APS/APS+,,USD/EUR,1/SI SAVE INVEST LTD.,"9,14%",,15-20,2 год,,"Сумма оплаты клиента*курс валюты/100*0,0914",,
,,Регулярные взносы + страховая оболочка,Medlife,APS/APS+,,USD/EUR,1/SI SAVE INVEST LTD.,"6,70%",,15-20,3 год,,"Сумма оплаты клиента*курс валюты/100*0,067",,
,,Регулярные взносы + страховая оболочка,Medlife,APS/APS+,,USD/EUR,1/SI SAVE INVEST LTD.,"6,70%",,15-20,4 год,,"Сумма оплаты клиента*курс валюты/100*0,067",,
,,Регулярные взносы + страховая оболочка,Medlife,APS/APS+,,USD/EUR,1/SI SAVE INVEST LTD.,"6,70%",,15-20,5 год,,"Сумма оплаты клиента*курс валюты/100*0,067",,
,,Единовременные взносы + страховая оболочка,Medlife,EEVIP,,USD,1/SI SAVE INVEST LTD.,"2,51%",,,,,"Сумма оплаты клиента*курс валюты/100*0,0251",,
,,Единовременные взносы + страховая оболочка,Medlife,Е11,,USD,1/SI SAVE INVEST LTD.,"2,51%",,,,,"Сумма оплаты клиента*курс валюты/100*0,0251",,
,,Единовременные взносы + страховая оболочка,Medlife,APS-SP/APS-SP+,,USD,1/SI SAVE INVEST LTD.,"2,51%",,,,,"Сумма оплаты клиента*курс валюты/100*0,0251",,
,,Единовременные взносы + страховая оболочка,Medlife,PSO,,USD,1/SI SAVE INVEST LTD.,"2,51%",,,,,"Сумма оплаты клиента*курс валюты/100*0,0251",,
,,Единовременные взносы + страховая оболочка,Medlife,COI-SP,,USD,1/SI SAVE INVEST LTD.,"2,51%",,,,,"Сумма оплаты клиента*курс валюты/100*0,0251",,
,,Единовременные взносы + страховая оболочка,Medlife,EGP-SP/EGP-SP+,,USD,1/SI SAVE INVEST LTD.,"2,51%",,,,,"Сумма оплаты клиента*курс валюты/100*0,0251",,
,,Брокерский счет,БРОКЕР+,Консервативный,,RUB,БРОКЕР+,,MF,,,,,DS получает 50% от суммы комиссионных уплаченных инвестиционными компаниями за операции с активами клинтов. Точные данные известины только полсе получения отчетности. ,Портфельное управление
,,Брокерский счет,БРОКЕР+,Умеренный,,RUB,БРОКЕР+,,MF,,,,,,Портфельное управление
,,Брокерский счет,БРОКЕР+,Агрессивный,,RUB,БРОКЕР+,,MF,,,,,,Портфельное управление
,,Брокерский счет,БРОКЕР+,ПИФ БКС Российские Акции,,RUB,БРОКЕР+,,MF,,,,,,Портфельное управление
,,Брокерский счет,БРОКЕР+,ПИФ БКС Российские облигации,,RUB,БРОКЕР+,,MF,,,,,,Портфельное управление
,,Брокерский счет,БРОКЕР+,ПИФ БКС Российские Еврооблигации,,RUB,БРОКЕР+,,MF,,,,,,Портфельное управление
,,Брокерский счет,БРОКЕР+,ИПИФ АТОН-ОФЗ,,RUB,БРОКЕР+,,MF,,,,,,Портфельное управление
,,Брокерский счет,БРОКЕР+,ПИФ АТОН Фонд Эшелон 2.0 ,,RUB,БРОКЕР+,,MF,,,,,,Портфельное управление
,,Брокерский счет,БРОКЕР+,ПИФ АТОН Фонд Еврооблигаций,,RUB,БРОКЕР+,,MF,,,,,,Портфельное управление
,,Брокерский счет,БРОКЕР+,ИФ АТОН Фонд Петр Столыпин,,RUB,БРОКЕР+,,MF,,,,,,Портфельное управление
"
",,,,,,,,,,,,,,,
"
",,ПОРТФЕЛЬНОЕ УПРАВЛЕНИЕ,,,,,,,,,,,,,
"
",,,,,"Пример расчета: Клиент внес на брокерский счет 100 000 руб., программа Тинькофф Робоэдвайзер
Партнер получит согласно формуле расчета  100 000/100*0,02= 20 баллов
Так же 1 раз в квартал Партнеру будет начислены баллы за оплету клиентом комиссии MF
Сумма активов находящихся на БС 100 000 /100*0,005 = 5 баллов",,,,,,,,,,
,,Брокерский счет,Робоэдвайзер,Финам портфель,,RUB,RG.HT,"2,00%",upfront,,,,"Сумма оплаты клиента/100*0,02",,Портфельное управление
,,Брокерский счет,Робоэдвайзер,Финам портфель,,RUB,RG.HT,"0,50%",mf,,,,"Сумма оплаченного клиентом mf/100*0,005",,Портфельное управление
,,Брокерский счет,Робоэдвайзер,Тинькофф портфель,,RUB,RG.HT,"2,00%",upfront,,,,"Сумма оплаты клиента/100*0,02",,Портфельное управление
,,Брокерский счет,Робоэдвайзер,Тинькофф портфель,,RUB,RG.HT,"0,50%",mf,,,,"Сумма оплаченного клиентом mf/100*0,005",,Портфельное управление
"
",,Брокерский счет,Робоэдвайзер,Фридом Финанс Портфель,,RUB,м,"2,00%",upfront,,,,"Сумма оплаты клиента/100*0,02",,Портфельное управление
,,Брокерский счет,Робоэдвайзер,Фридом Финанс Портфель,,RUB,RG.HT,"0,50%",mf,,,,"Сумма оплаченного клиентом mf/100*0,005",,Портфельное управление
,,Брокерский счет,Робоэдвайзер,FF Kazakhstan Портфель,,RUB,RG.HT,"2,00%",upfront,,,,"Сумма оплаты клиента/100*0,02",,Портфельное управление
,,Брокерский счет,Робоэдвайзер,FF Kazakhstan Портфель,,RUB,RG.HT,"0,50%",mf,,,,"Сумма оплаченного клиентом mf/100*0,005",,Портфельное управление
,,Брокерский счет,Робоэдвайзер,Freedom Finance Global Портфель,,RUB,RG.HT,"2,00%",upfront,,,,"Сумма оплаты клиента/100*0,02",,Портфельное управление
,,Брокерский счет,Робоэдвайзер,Freedom Finance Global Портфель,,RUB,RG.HT,"0,50%",mf,,,,"Сумма оплаченного клиентом mf/100*0,005",,Портфельное управление
,,Брокерский счет,Робоэдвайзер,Цифра. Рынок РФ,,RUB,RG.HT,"2,00%",upfront,,,,"Сумма оплаты клиента/100*0,02",,Портфельное управление
,,Брокерский счет,Робоэдвайзер,Цифра. Рынок РФ,,RUB,RG.HT,"0,50%",mf,,,,"Сумма оплаченного клиентом mf/100*0,005",,Портфельное управление
,,Брокерский счет,Робоэдвайзер,Freedom Global ETF,,RUB,RG.HT,"2,00%",upfront,,,,"Сумма оплаты клиента/100*0,02",,Портфельное управление
,,Брокерский счет,Робоэдвайзер,Freedom Global ETF,,RUB,RG.HT,"0,50%",mf,,,,"Сумма оплаченного клиентом mf/100*0,005",,Портфельное управление
,,Брокерский счет,Робоэдвайзер,ТВ,,RUB,RG.HT,"2,00%",upfront,,,,"Сумма оплаты клиента/100*0,02",,Портфельное управление
,,Брокерский счет,Робоэдвайзер,ТВ,,RUB,RG.HT,"0,50%",mf,,,,"Сумма оплаченного клиентом mf/100*0,005",,Портфельное управление
,,,,,,,,,,,,,,,
,??? остался вопрос по Америке,Внебирживые инвестиции,Axevil,Axevil,,USD,Axevil,"3,00%",upfront,,,,"Сумма оплаты клиента*курс валюты/100*0,03",выплата комиссионных и начисление баллов через 1 мес. после активации контактов,IPO
,??? остался вопрос по Америке,Внебирживые инвестиции,Axevil,Axevil,,USD,Axevil,"3,00%",SF,,,,"Сумма дохода после закрытия сделки*курс валюты/100*0,03",,IPO
,,Внебирживые инвестиции,Парус,Парус,,RUB,Кэпитал Борд,"3,00%",,,,,"Сумма оплаты клиента/100*0,03",привязано к сроку закрытия раунда,Портфельное управление
,,Страховые продукты,Совкомбанк,Жизнь+,,RUB,ГГА,"3,45%",,1,1,,"Сумма оплаты клиента/100*0,0345",накопительная часть ,Страховые
,,Страховые продукты,Совкомбанк,Жизнь+,,RUB,ГГА,"6,89%",,2,1,,"Сумма оплаты клиента/100*0,0689",накопительная часть ,Страховые
,,Страховые продукты,Совкомбанк,Жизнь+,,RUB,ГГА,"0,97%",,2,2,,"Сумма оплаты клиента/100*0,0097",накопительная часть ,Страховые
,,Страховые продукты,Совкомбанк,Жизнь+,,RUB,ГГА,"10,34%",,3,1,,"Сумма оплаты клиента/100*0,1034",накопительная часть ,Страховые
,,Страховые продукты,Совкомбанк,Жизнь+,,RUB,ГГА,"1,44%",,3,2,,"Сумма оплаты клиента/100*0,0144",накопительная часть ,Страховые
,,Страховые продукты,Совкомбанк,Жизнь+,,RUB,ГГА,"1,04%",,3,3,,"Сумма оплаты клиента/100*0,0104",накопительная часть ,Страховые
,,Страховые продукты,Совкомбанк,Жизнь+,,RUB,ГГА,"13,78%",,4,1,,"Сумма оплаты клиента/100*0,1378",накопительная часть ,Страховые
,,Страховые продукты,Совкомбанк,Жизнь+,,RUB,ГГА,"1,93%",,4,2,,"Сумма оплаты клиента/100*0,0193",накопительная часть ,Страховые
,,Страховые продукты,Совкомбанк,Жизнь+,,RUB,ГГА,"1,38%",,4,3,,"Сумма оплаты клиента/100*0,0138",накопительная часть ,Страховые
,,Страховые продукты,Совкомбанк,Жизнь+,,RUB,ГГА,"0,97%",,4,4,,"Сумма оплаты клиента/100*0,0097",накопительная часть ,Страховые
,,Страховые продукты,Совкомбанк,Жизнь+,,RUB,ГГА,"17,22%",,5,1,,"Сумма оплаты клиента/100*0,1722",накопительная часть ,Страховые
,,Страховые продукты,Совкомбанк,Жизнь+,,RUB,ГГА,"2,41%",,5,2,,"Сумма оплаты клиента/100*0,0241",накопительная часть ,Страховые
,,Страховые продукты,Совкомбанк,Жизнь+,,RUB,ГГА,"1,72%",,5,3,,"Сумма оплаты клиента/100*0,0172",накопительная часть ,Страховые
,,Страховые продукты,Совкомбанк,Жизнь+,,RUB,ГГА,"1,21%",,5,4,,"Сумма оплаты клиента/100*0,0121",накопительная часть ,Страховые
,,Страховые продукты,Совкомбанк,Жизнь+,,RUB,ГГА,"5,17%",,5,5,,"Сумма оплаты клиента/100*0,0517",накопительная часть ,Страховые
,,Страховые продукты,Совкомбанк,Жизнь+,,RUB,ГГА,"20,66%",,6,1,,"Сумма оплаты клиента/100*0,2066",накопительная часть ,Страховые
,,Страховые продукты,Совкомбанк,Жизнь+,,RUB,ГГА,"2,90%",,6,2,,"Сумма оплаты клиента/100*0,029",накопительная часть ,Страховые
,,Страховые продукты,Совкомбанк,Жизнь+,,RUB,ГГА,"2,07%",,6,3,,"Сумма оплаты клиента/100*0,0207",накопительная часть ,Страховые
,,Страховые продукты,Совкомбанк,Жизнь+,,RUB,ГГА,"1,44%",,6,4,,"Сумма оплаты клиента/100*0,0144",накопительная часть ,Страховые
,,Страховые продукты,Совкомбанк,Жизнь+,,RUB,ГГА,"0,62%",,6,5,,"Сумма оплаты клиента/100*0,0062",накопительная часть ,Страховые
,,Страховые продукты,Совкомбанк,Жизнь+,,RUB,ГГА,"24,11%",,7,1,,"Сумма оплаты клиента/100*0,2411",накопительная часть ,Страховые
,,Страховые продукты,Совкомбанк,Жизнь+,,RUB,ГГА,"3,37%",,7,2,,"Сумма оплаты клиента/100*0,0337",накопительная часть ,Страховые
,,Страховые продукты,Совкомбанк,Жизнь+,,RUB,ГГА,"2,41%",,7,3,,"Сумма оплаты клиента/100*0,0241",накопительная часть ,Страховые
,,Страховые продукты,Совкомбанк,Жизнь+,,RUB,ГГА,"1,69%",,7,4,,"Сумма оплаты клиента/100*0,0169",накопительная часть ,Страховые
,,Страховые продукты,Совкомбанк,Жизнь+,,RUB,ГГА,"0,72%",,7,5,,"Сумма оплаты клиента/100*0,0072",накопительная часть ,Страховые
,,Страховые продукты,Совкомбанк,Жизнь+,,RUB,ГГА,"27,55%",,8,1,,"Сумма оплаты клиента/100*0,2755",накопительная часть ,Страховые
,,Страховые продукты,Совкомбанк,Жизнь+,,RUB,ГГА,"3,86%",,8,2,,"Сумма оплаты клиента/100*0,0386",накопительная часть ,Страховые
,,Страховые продукты,Совкомбанк,Жизнь+,,RUB,ГГА,"2,76%",,8,3,,"Сумма оплаты клиента/100*0,0276",накопительная часть ,Страховые
,,Страховые продукты,Совкомбанк,Жизнь+,,RUB,ГГА,"1,93%",,8,4,,"Сумма оплаты клиента/100*0,0193",накопительная часть ,Страховые
,,Страховые продукты,Совкомбанк,Жизнь+,,RUB,ГГА,"0,83%",,8,5,,"Сумма оплаты клиента/100*0,0083",накопительная часть ,Страховые
,,Страховые продукты,Совкомбанк,Жизнь+,,RUB,ГГА,"31,00%",,9,1,,"Сумма оплаты клиента/100*0,31",накопительная часть ,Страховые
,,Страховые продукты,Совкомбанк,Жизнь+,,RUB,ГГА,"4,34%",,9,2,,"Сумма оплаты клиента/100*0,0434",накопительная часть ,Страховые
,,Страховые продукты,Совкомбанк,Жизнь+,,RUB,ГГА,"3,10%",,9,3,,"Сумма оплаты клиента/100*0,031",накопительная часть ,Страховые
,,Страховые продукты,Совкомбанк,Жизнь+,,RUB,ГГА,"2,17%",,9,4,,"Сумма оплаты клиента/100*0,0217",накопительная часть ,Страховые
,,Страховые продукты,Совкомбанк,Жизнь+,,RUB,ГГА,"0,93%",,9,5,,"Сумма оплаты клиента/100*0,0093",накопительная часть ,Страховые
,,Страховые продукты,Совкомбанк,Жизнь+,,RUB,ГГА,"34,44%",,10,1,,"Сумма оплаты клиента/100*0,3444",накопительная часть ,Страховые
,,Страховые продукты,Совкомбанк,Жизнь+,,RUB,ГГА,"4,83%",,10,2,,"Сумма оплаты клиента/100*0,0483",накопительная часть ,Страховые
,,Страховые продукты,Совкомбанк,Жизнь+,,RUB,ГГА,"3,45%",,10,3,,"Сумма оплаты клиента/100*0,0345",накопительная часть ,Страховые
,,Страховые продукты,Совкомбанк,Жизнь+,,RUB,ГГА,"2,41%",,10,4,,"Сумма оплаты клиента/100*0,0241",накопительная часть ,Страховые
,,Страховые продукты,Совкомбанк,Жизнь+,,RUB,ГГА,"1,04%",,10,5,,"Сумма оплаты клиента/100*0,0104",накопительная часть ,Страховые
,,Страховые продукты,Совкомбанк,Жизнь+,,RUB,ГГА,"37,89%",,11,1,,"Сумма оплаты клиента/100*0,3789",накопительная часть ,Страховые
,,Страховые продукты,Совкомбанк,Жизнь+,,RUB,ГГА,"5,30%",,11,2,,"Сумма оплаты клиента/100*0,053",накопительная часть ,Страховые
,,Страховые продукты,Совкомбанк,Жизнь+,,RUB,ГГА,"3,79%",,11,3,,"Сумма оплаты клиента/100*0,0379",накопительная часть ,Страховые
,,Страховые продукты,Совкомбанк,Жизнь+,,RUB,ГГА,"2,65%",,11,4,,"Сумма оплаты клиента/100*0,0265",накопительная часть ,Страховые
,,Страховые продукты,Совкомбанк,Жизнь+,,RUB,ГГА,"1,14%",,11,5,,"Сумма оплаты клиента/100*0,0114",накопительная часть ,Страховые
,,Страховые продукты,Совкомбанк,Жизнь+,,RUB,ГГА,"41,33%",,12,1,,"Сумма оплаты клиента/100*0,4133",накопительная часть ,Страховые
,,Страховые продукты,Совкомбанк,Жизнь+,,RUB,ГГА,"5,79%",,12,2,,"Сумма оплаты клиента/100*0,0579",накопительная часть ,Страховые
,,Страховые продукты,Совкомбанк,Жизнь+,,RUB,ГГА,"4,13%",,12,3,,"Сумма оплаты клиента/100*0,0413",накопительная часть ,Страховые
,,Страховые продукты,Совкомбанк,Жизнь+,,RUB,ГГА,"2,90%",,12,4,,"Сумма оплаты клиента/100*0,029",накопительная часть ,Страховые
,,Страховые продукты,Совкомбанк,Жизнь+,,RUB,ГГА,"1,24%",,12,5,,"Сумма оплаты клиента/100*0,0124",накопительная часть ,Страховые
,,Страховые продукты,Совкомбанк,Жизнь+,,RUB,ГГА,"44,77%",,13,1,,"Сумма оплаты клиента/100*0,4477",накопительная часть ,Страховые
,,Страховые продукты,Совкомбанк,Жизнь+,,RUB,ГГА,"6,27%",,13,2,,"Сумма оплаты клиента/100*0,0627",накопительная часть ,Страховые
,,Страховые продукты,Совкомбанк,Жизнь+,,RUB,ГГА,"4,47%",,13,3,,"Сумма оплаты клиента/100*0,0447",накопительная часть ,Страховые
,,Страховые продукты,Совкомбанк,Жизнь+,,RUB,ГГА,"3,14%",,13,4,,"Сумма оплаты клиента/100*0,0314",накопительная часть ,Страховые
,,Страховые продукты,Совкомбанк,Жизнь+,,RUB,ГГА,"1,34%",,13,5,,"Сумма оплаты клиента/100*0,0134",накопительная часть ,Страховые
,,Страховые продукты,Совкомбанк,Жизнь+,,RUB,ГГА,"48,21%",,14,1,,"Сумма оплаты клиента/100*0,4821",накопительная часть ,Страховые
,,Страховые продукты,Совкомбанк,Жизнь+,,RUB,ГГА,"6,75%",,14,2,,"Сумма оплаты клиента/100*0,0675",накопительная часть ,Страховые
,,Страховые продукты,Совкомбанк,Жизнь+,,RUB,ГГА,"4,83%",,14,3,,"Сумма оплаты клиента/100*0,0483",накопительная часть ,Страховые
,,Страховые продукты,Совкомбанк,Жизнь+,,RUB,ГГА,"3,37%",,14,4,,"Сумма оплаты клиента/100*0,0337",накопительная часть ,Страховые
,,Страховые продукты,Совкомбанк,Жизнь+,,RUB,ГГА,"1,44%",,14,5,,"Сумма оплаты клиента/100*0,0144",накопительная часть ,Страховые
,,Страховые продукты,Совкомбанк,Жизнь+,,RUB,ГГА,"51,66%",,15,1,,"Сумма оплаты клиента/100*0,5166",накопительная часть ,Страховые
,,Страховые продукты,Совкомбанк,Жизнь+,,RUB,ГГА,"7,23%",,15,2,,"Сумма оплаты клиента/100*0,0723",накопительная часть ,Страховые
,,Страховые продукты,Совкомбанк,Жизнь+,,RUB,ГГА,"5,17%",,15,3,,"Сумма оплаты клиента/100*0,0517",накопительная часть ,Страховые
,,Страховые продукты,Совкомбанк,Жизнь+,,RUB,ГГА,"3,62%",,15,4,,"Сумма оплаты клиента/100*0,0362",накопительная часть ,Страховые
,,Страховые продукты,Совкомбанк,Жизнь+,,RUB,ГГА,"1,55%",,15,5,,"Сумма оплаты клиента/100*0,0155",накопительная часть ,Страховые
,,Страховые продукты,Совкомбанк,Жизнь+,,RUB,ГГА,"55,10%",,16,1,,"Сумма оплаты клиента/100*0,551",накопительная часть ,Страховые
,,Страховые продукты,Совкомбанк,Жизнь+,,RUB,ГГА,"7,71%",,16,2,,"Сумма оплаты клиента/100*0,0771",накопительная часть ,Страховые
,,Страховые продукты,Совкомбанк,Жизнь+,,RUB,ГГА,"5,51%",,16,3,,"Сумма оплаты клиента/100*0,0551",накопительная часть ,Страховые
,,Страховые продукты,Совкомбанк,Жизнь+,,RUB,ГГА,"3,86%",,16,4,,"Сумма оплаты клиента/100*0,0386",накопительная часть ,Страховые
,,Страховые продукты,Совкомбанк,Жизнь+,,RUB,ГГА,"1,65%",,16,5,,"Сумма оплаты клиента/100*0,0165",накопительная часть ,Страховые
,,Страховые продукты,Совкомбанк,Жизнь+,,RUB,ГГА,"58,55%",,17,1,,"Сумма оплаты клиента/100*0,5855",накопительная часть ,Страховые
,,Страховые продукты,Совкомбанк,Жизнь+,,RUB,ГГА,"8,20%",,17,2,,"Сумма оплаты клиента/100*0,082",накопительная часть ,Страховые
,,Страховые продукты,Совкомбанк,Жизнь+,,RUB,ГГА,"5,85%",,17,3,,"Сумма оплаты клиента/100*0,0585",накопительная часть ,Страховые
,,Страховые продукты,Совкомбанк,Жизнь+,,RUB,ГГА,"4,09%",,17,4,,"Сумма оплаты клиента/100*0,0409",накопительная часть ,Страховые
,,Страховые продукты,Совкомбанк,Жизнь+,,RUB,ГГА,"1,76%",,17,5,,"Сумма оплаты клиента/100*0,0176",накопительная часть ,Страховые
,,Страховые продукты,Совкомбанк,Жизнь+,,RUB,ГГА,"61,99%",,18,1,,"Сумма оплаты клиента/100*0,6199",накопительная часть ,Страховые
,,Страховые продукты,Совкомбанк,Жизнь+,,RUB,ГГА,"8,68%",,18,2,,"Сумма оплаты клиента/100*0,0868",накопительная часть ,Страховые
,,Страховые продукты,Совкомбанк,Жизнь+,,RUB,ГГА,"6,20%",,18,3,,"Сумма оплаты клиента/100*0,062",накопительная часть ,Страховые
,,Страховые продукты,Совкомбанк,Жизнь+,,RUB,ГГА,"4,34%",,18,4,,"Сумма оплаты клиента/100*0,0434",накопительная часть ,Страховые
,,Страховые продукты,Совкомбанк,Жизнь+,,RUB,ГГА,"1,86%",,18,5,,"Сумма оплаты клиента/100*0,0186",накопительная часть ,Страховые
,,Страховые продукты,Совкомбанк,Жизнь+,,RUB,ГГА,"65,44%",,19,1,,"Сумма оплаты клиента/100*0,6544",накопительная часть ,Страховые
,,Страховые продукты,Совкомбанк,Жизнь+,,RUB,ГГА,"9,16%",,19,2,,"Сумма оплаты клиента/100*0,0916",накопительная часть ,Страховые
,,Страховые продукты,Совкомбанк,Жизнь+,,RUB,ГГА,"6,55%",,19,3,,"Сумма оплаты клиента/100*0,0655",накопительная часть ,Страховые
,,Страховые продукты,Совкомбанк,Жизнь+,,RUB,ГГА,"4,58%",,19,4,,"Сумма оплаты клиента/100*0,0458",накопительная часть ,Страховые
,,Страховые продукты,Совкомбанк,Жизнь+,,RUB,ГГА,"1,97%",,19,5,,"Сумма оплаты клиента/100*0,0197",накопительная часть ,Страховые
,,Страховые продукты,Совкомбанк,Жизнь+,,RUB,ГГА,"68,88%",,20,1,,"Сумма оплаты клиента/100*0,6888",накопительная часть ,Страховые
,,Страховые продукты,Совкомбанк,Жизнь+,,RUB,ГГА,"9,64%",,20,2,,"Сумма оплаты клиента/100*0,0964",накопительная часть ,Страховые
,,Страховые продукты,Совкомбанк,Жизнь+,,RUB,ГГА,"6,89%",,20,3,,"Сумма оплаты клиента/100*0,0689",накопительная часть ,Страховые
,,Страховые продукты,Совкомбанк,Жизнь+,,RUB,ГГА,"4,83%",,20,4,,"Сумма оплаты клиента/100*0,0483",накопительная часть ,Страховые
,,Страховые продукты,Совкомбанк,Жизнь+,,RUB,ГГА,"2,07%",,20,5,,"Сумма оплаты клиента/100*0,0207",накопительная часть ,Страховые
,,Страховые продукты,Совкомбанк,Жизнь+ дополнительные опции,,RUB,ГГА,"17,22%",,,1,,"Сумма оплаты клиента/100*0,1722",рискова часть ,Страховые
,,Страховые продукты,Совкомбанк,Жизнь+ дополнительные опции,,RUB,ГГА,"2,41%",,,2,,"Сумма оплаты клиента/100*0,0241",рискова часть ,Страховые
,,Страховые продукты,Совкомбанк,Жизнь+ дополнительные опции,,RUB,ГГА,"1,72%",,,3,,"Сумма оплаты клиента/100*0,0172",рискова часть ,Страховые
,,Страховые продукты,Совкомбанк,Жизнь+ дополнительные опции,,RUB,ГГА,"1,21%",,,4,,"Сумма оплаты клиента/100*0,0121",рискова часть ,Страховые
,,Страховые продукты,Совкомбанк,Жизнь+ дополнительные опции,,RUB,ГГА,"0,51%",,,5,,"Сумма оплаты клиента/100*0,0051",рискова часть ,Страховые
,,Страховые продукты,Совкомбанк,Гармония,,RUB,ГГА,"0,00%",,,,,Сумма оплаты клиента/100*0,,Страховые
,,Страховые продукты,Совкомбанк,Материнство,,RUB,ГГА,"0,00%",,,,,Сумма оплаты клиента/100*0,,Страховые
,,Страховые продукты,Совкомбанк,Классика+,,RUB,ГГА,"3,45%",,1,1,,"Сумма оплаты клиента/100*0,0345",накопительная часть ,Страховые
,,Страховые продукты,Совкомбанк,Классика+,,RUB,ГГА,"0,48%",,1,2,,"Сумма оплаты клиента/100*0,0048",накопительная часть ,Страховые
,,Страховые продукты,Совкомбанк,Классика+,,RUB,ГГА,"0,34%",,1,3,,"Сумма оплаты клиента/100*0,0034",накопительная часть ,Страховые
,,Страховые продукты,Совкомбанк,Классика+,,RUB,ГГА,"0,24%",,1,4,,"Сумма оплаты клиента/100*0,0024",накопительная часть ,Страховые
,,Страховые продукты,Совкомбанк,Классика+,,RUB,ГГА,"0,10%",,1,5,,"Сумма оплаты клиента/100*0,001",накопительная часть ,Страховые
,,Страховые продукты,Совкомбанк,Классика+,,RUB,ГГА,"6,89%",,2,1,,"Сумма оплаты клиента/100*0,0689",накопительная часть ,Страховые
,,Страховые продукты,Совкомбанк,Классика+,,RUB,ГГА,"0,97%",,2,2,,"Сумма оплаты клиента/100*0,0097",накопительная часть ,Страховые
,,Страховые продукты,Совкомбанк,Классика+,,RUB,ГГА,"0,69%",,2,3,,"Сумма оплаты клиента/100*0,0069",накопительная часть ,Страховые
,,Страховые продукты,Совкомбанк,Классика+,,RUB,ГГА,"0,48%",,2,4,,"Сумма оплаты клиента/100*0,0048",накопительная часть ,Страховые
,,Страховые продукты,Совкомбанк,Классика+,,RUB,ГГА,"0,21%",,2,5,,"Сумма оплаты клиента/100*0,0021",накопительная часть ,Страховые
,,Страховые продукты,Совкомбанк,Классика+,,RUB,ГГА,"10,34%",,3,1,,"Сумма оплаты клиента/100*0,1034",накопительная часть ,Страховые
,,Страховые продукты,Совкомбанк,Классика+,,RUB,ГГА,"1,44%",,3,2,,"Сумма оплаты клиента/100*0,0144",накопительная часть ,Страховые
,,Страховые продукты,Совкомбанк,Классика+,,RUB,ГГА,"1,04%",,3,3,,"Сумма оплаты клиента/100*0,0104",накопительная часть ,Страховые
,,Страховые продукты,Совкомбанк,Классика+,,RUB,ГГА,"7,24%",,3,4,,"Сумма оплаты клиента/100*0,0724",накопительная часть ,Страховые
,,Страховые продукты,Совкомбанк,Классика+,,RUB,ГГА,"3,10%",,3,5,,"Сумма оплаты клиента/100*0,031",накопительная часть ,Страховые
,,Страховые продукты,Совкомбанк,Классика+,,RUB,ГГА,"13,78%",,4,1,,"Сумма оплаты клиента/100*0,1378",накопительная часть ,Страховые
,,Страховые продукты,Совкомбанк,Классика+,,RUB,ГГА,"1,93%",,4,2,,"Сумма оплаты клиента/100*0,0193",накопительная часть ,Страховые
,,Страховые продукты,Совкомбанк,Классика+,,RUB,ГГА,"1,38%",,4,3,,"Сумма оплаты клиента/100*0,0138",накопительная часть ,Страховые
,,Страховые продукты,Совкомбанк,Классика+,,RUB,ГГА,"0,97%",,4,4,,"Сумма оплаты клиента/100*0,0097",накопительная часть ,Страховые
,,Страховые продукты,Совкомбанк,Классика+,,RUB,ГГА,"0,42%",,4,5,,"Сумма оплаты клиента/100*0,0042",накопительная часть ,Страховые
,,Страховые продукты,Совкомбанк,Классика+,,RUB,ГГА,"17,22%",,5,1,,"Сумма оплаты клиента/100*0,1722",накопительная часть ,Страховые
,,Страховые продукты,Совкомбанк,Классика+,,RUB,ГГА,"2,41%",,5,2,,"Сумма оплаты клиента/100*0,0241",накопительная часть ,Страховые
,,Страховые продукты,Совкомбанк,Классика+,,RUB,ГГА,"1,72%",,5,3,,"Сумма оплаты клиента/100*0,0172",накопительная часть ,Страховые
,,Страховые продукты,Совкомбанк,Классика+,,RUB,ГГА,"1,21%",,5,4,,"Сумма оплаты клиента/100*0,0121",накопительная часть ,Страховые
,,Страховые продукты,Совкомбанк,Классика+,,RUB,ГГА,"5,17%",,5,5,,"Сумма оплаты клиента/100*0,0517",накопительная часть ,Страховые
,,Страховые продукты,Совкомбанк,Классика+,,RUB,ГГА,"20,66%",,6,1,,"Сумма оплаты клиента/100*0,2066",накопительная часть ,Страховые
,,Страховые продукты,Совкомбанк,Классика+,,RUB,ГГА,"2,90%",,6,2,,"Сумма оплаты клиента/100*0,029",накопительная часть ,Страховые
,,Страховые продукты,Совкомбанк,Классика+,,RUB,ГГА,"2,07%",,6,3,,"Сумма оплаты клиента/100*0,0207",накопительная часть ,Страховые
,,Страховые продукты,Совкомбанк,Классика+,,RUB,ГГА,"1,44%",,6,4,,"Сумма оплаты клиента/100*0,0144",накопительная часть ,Страховые
,,Страховые продукты,Совкомбанк,Классика+,,RUB,ГГА,"0,62%",,6,5,,"Сумма оплаты клиента/100*0,0062",накопительная часть ,Страховые
,,Страховые продукты,Совкомбанк,Классика+,,RUB,ГГА,"24,11%",,7,1,,"Сумма оплаты клиента/100*0,2411",накопительная часть ,Страховые
,,Страховые продукты,Совкомбанк,Классика+,,RUB,ГГА,"3,37%",,7,2,,"Сумма оплаты клиента/100*0,0337",накопительная часть ,Страховые
,,Страховые продукты,Совкомбанк,Классика+,,RUB,ГГА,"2,41%",,7,3,,"Сумма оплаты клиента/100*0,0241",накопительная часть ,Страховые
,,Страховые продукты,Совкомбанк,Классика+,,RUB,ГГА,"1,69%",,7,4,,"Сумма оплаты клиента/100*0,0169",накопительная часть ,Страховые
,,Страховые продукты,Совкомбанк,Классика+,,RUB,ГГА,"0,72%",,7,5,,"Сумма оплаты клиента/100*0,0072",накопительная часть ,Страховые
,,Страховые продукты,Совкомбанк,Классика+,,RUB,ГГА,"27,55%",,8,1,,"Сумма оплаты клиента/100*0,2755",накопительная часть ,Страховые
,,Страховые продукты,Совкомбанк,Классика+,,RUB,ГГА,"3,86%",,8,2,,"Сумма оплаты клиента/100*0,0386",накопительная часть ,Страховые
,,Страховые продукты,Совкомбанк,Классика+,,RUB,ГГА,"2,76%",,8,3,,"Сумма оплаты клиента/100*0,0276",накопительная часть ,Страховые
,,Страховые продукты,Совкомбанк,Классика+,,RUB,ГГА,"1,93%",,8,4,,"Сумма оплаты клиента/100*0,0193",накопительная часть ,Страховые
,,Страховые продукты,Совкомбанк,Классика+,,RUB,ГГА,"0,83%",,8,5,,"Сумма оплаты клиента/100*0,0083",накопительная часть ,Страховые
,,Страховые продукты,Совкомбанк,Классика+,,RUB,ГГА,"31,00%",,9,1,,"Сумма оплаты клиента/100*0,31",накопительная часть ,Страховые
,,Страховые продукты,Совкомбанк,Классика+,,RUB,ГГА,"4,34%",,9,2,,"Сумма оплаты клиента/100*0,0434",накопительная часть ,Страховые
,,Страховые продукты,Совкомбанк,Классика+,,RUB,ГГА,"3,10%",,9,3,,"Сумма оплаты клиента/100*0,031",накопительная часть ,Страховые
,,Страховые продукты,Совкомбанк,Классика+,,RUB,ГГА,"2,17%",,9,4,,"Сумма оплаты клиента/100*0,0217",накопительная часть ,Страховые
,,Страховые продукты,Совкомбанк,Классика+,,RUB,ГГА,"0,93%",,9,5,,"Сумма оплаты клиента/100*0,0093",накопительная часть ,Страховые
,,Страховые продукты,Совкомбанк,Классика+,,RUB,ГГА,"34,44%",,10,1,,"Сумма оплаты клиента/100*0,3444",накопительная часть ,Страховые
,,Страховые продукты,Совкомбанк,Классика+,,RUB,ГГА,"4,83%",,10,2,,"Сумма оплаты клиента/100*0,0483",накопительная часть ,Страховые
,,Страховые продукты,Совкомбанк,Классика+,,RUB,ГГА,"3,45%",,10,3,,"Сумма оплаты клиента/100*0,0345",накопительная часть ,Страховые
,,Страховые продукты,Совкомбанк,Классика+,,RUB,ГГА,"2,41%",,10,4,,"Сумма оплаты клиента/100*0,0241",накопительная часть ,Страховые
,,Страховые продукты,Совкомбанк,Классика+,,RUB,ГГА,"1,04%",,10,5,,"Сумма оплаты клиента/100*0,0104",накопительная часть ,Страховые
,,Страховые продукты,Совкомбанк,Классика+,,RUB,ГГА,"37,89%",,11,1,,"Сумма оплаты клиента/100*0,3789",накопительная часть ,Страховые
,,Страховые продукты,Совкомбанк,Классика+,,RUB,ГГА,"5,30%",,11,2,,"Сумма оплаты клиента/100*0,053",накопительная часть ,Страховые
,,Страховые продукты,Совкомбанк,Классика+,,RUB,ГГА,"3,79%",,11,3,,"Сумма оплаты клиента/100*0,0379",накопительная часть ,Страховые
,,Страховые продукты,Совкомбанк,Классика+,,RUB,ГГА,"2,65%",,11,4,,"Сумма оплаты клиента/100*0,0265",накопительная часть ,Страховые
,,Страховые продукты,Совкомбанк,Классика+,,RUB,ГГА,"1,14%",,11,5,,"Сумма оплаты клиента/100*0,0114",накопительная часть ,Страховые
,,Страховые продукты,Совкомбанк,Классика+,,RUB,ГГА,"41,33%",,12,1,,"Сумма оплаты клиента/100*0,4133",накопительная часть ,Страховые
,,Страховые продукты,Совкомбанк,Классика+,,RUB,ГГА,"5,79%",,12,2,,"Сумма оплаты клиента/100*0,0579",накопительная часть ,Страховые
,,Страховые продукты,Совкомбанк,Классика+,,RUB,ГГА,"4,13%",,12,3,,"Сумма оплаты клиента/100*0,0413",накопительная часть ,Страховые
,,Страховые продукты,Совкомбанк,Классика+,,RUB,ГГА,"2,90%",,12,4,,"Сумма оплаты клиента/100*0,029",накопительная часть ,Страховые
,,Страховые продукты,Совкомбанк,Классика+,,RUB,ГГА,"1,24%",,12,5,,"Сумма оплаты клиента/100*0,0124",накопительная часть ,Страховые
,,Страховые продукты,Совкомбанк,Классика+,,RUB,ГГА,"44,77%",,13,1,,"Сумма оплаты клиента/100*0,4477",накопительная часть ,Страховые
,,Страховые продукты,Совкомбанк,Классика+,,RUB,ГГА,"6,27%",,13,2,,"Сумма оплаты клиента/100*0,0627",накопительная часть ,Страховые
,,Страховые продукты,Совкомбанк,Классика+,,RUB,ГГА,"4,47%",,13,3,,"Сумма оплаты клиента/100*0,0447",накопительная часть ,Страховые
,,Страховые продукты,Совкомбанк,Классика+,,RUB,ГГА,"3,14%",,13,4,,"Сумма оплаты клиента/100*0,0314",накопительная часть ,Страховые
,,Страховые продукты,Совкомбанк,Классика+,,RUB,ГГА,"1,34%",,13,5,,"Сумма оплаты клиента/100*0,0134",накопительная часть ,Страховые
,,Страховые продукты,Совкомбанк,Классика+,,RUB,ГГА,"48,21%",,14,1,,"Сумма оплаты клиента/100*0,4821",накопительная часть ,Страховые
,,Страховые продукты,Совкомбанк,Классика+,,RUB,ГГА,"6,75%",,14,2,,"Сумма оплаты клиента/100*0,0675",накопительная часть ,Страховые
,,Страховые продукты,Совкомбанк,Классика+,,RUB,ГГА,"4,83%",,14,3,,"Сумма оплаты клиента/100*0,0483",накопительная часть ,Страховые
,,Страховые продукты,Совкомбанк,Классика+,,RUB,ГГА,"3,37%",,14,4,,"Сумма оплаты клиента/100*0,0337",накопительная часть ,Страховые
,,Страховые продукты,Совкомбанк,Классика+,,RUB,ГГА,"1,44%",,14,5,,"Сумма оплаты клиента/100*0,0144",накопительная часть ,Страховые
,,Страховые продукты,Совкомбанк,Классика+,,RUB,ГГА,"51,66%",,15,1,,"Сумма оплаты клиента/100*0,5166",накопительная часть ,Страховые
,,Страховые продукты,Совкомбанк,Классика+,,RUB,ГГА,"7,23%",,15,2,,"Сумма оплаты клиента/100*0,0723",накопительная часть ,Страховые
,,Страховые продукты,Совкомбанк,Классика+,,RUB,ГГА,"5,17%",,15,3,,"Сумма оплаты клиента/100*0,0517",накопительная часть ,Страховые
,,Страховые продукты,Совкомбанк,Классика+,,RUB,ГГА,"3,62%",,15,4,,"Сумма оплаты клиента/100*0,0362",накопительная часть ,Страховые
,,Страховые продукты,Совкомбанк,Классика+,,RUB,ГГА,"1,55%",,15,5,,"Сумма оплаты клиента/100*0,0155",накопительная часть ,Страховые
,,Страховые продукты,Совкомбанк,Классика+,,RUB,ГГА,"55,10%",,16,1,,"Сумма оплаты клиента/100*0,551",накопительная часть ,Страховые
,,Страховые продукты,Совкомбанк,Классика+,,RUB,ГГА,"7,71%",,16,2,,"Сумма оплаты клиента/100*0,0771",накопительная часть ,Страховые
,,Страховые продукты,Совкомбанк,Классика+,,RUB,ГГА,"5,51%",,16,3,,"Сумма оплаты клиента/100*0,0551",накопительная часть ,Страховые
,,Страховые продукты,Совкомбанк,Классика+,,RUB,ГГА,"3,86%",,16,4,,"Сумма оплаты клиента/100*0,0386",накопительная часть ,Страховые
,,Страховые продукты,Совкомбанк,Классика+,,RUB,ГГА,"1,65%",,16,5,,"Сумма оплаты клиента/100*0,0165",накопительная часть ,Страховые
,,Страховые продукты,Совкомбанк,Классика+,,RUB,ГГА,"58,55%",,17,1,,"Сумма оплаты клиента/100*0,5855",накопительная часть ,Страховые
,,Страховые продукты,Совкомбанк,Классика+,,RUB,ГГА,"8,20%",,17,2,,"Сумма оплаты клиента/100*0,082",накопительная часть ,Страховые
,,Страховые продукты,Совкомбанк,Классика+,,RUB,ГГА,"5,85%",,17,3,,"Сумма оплаты клиента/100*0,0585",накопительная часть ,Страховые
,,Страховые продукты,Совкомбанк,Классика+,,RUB,ГГА,"4,09%",,17,4,,"Сумма оплаты клиента/100*0,0409",накопительная часть ,Страховые
,,Страховые продукты,Совкомбанк,Классика+,,RUB,ГГА,"1,76%",,17,5,,"Сумма оплаты клиента/100*0,0176",накопительная часть ,Страховые
,,Страховые продукты,Совкомбанк,Классика+,,RUB,ГГА,"61,99%",,18,1,,"Сумма оплаты клиента/100*0,6199",накопительная часть ,Страховые
,,Страховые продукты,Совкомбанк,Классика+,,RUB,ГГА,"8,68%",,18,2,,"Сумма оплаты клиента/100*0,0868",накопительная часть ,Страховые
,,Страховые продукты,Совкомбанк,Классика+,,RUB,ГГА,"6,20%",,18,3,,"Сумма оплаты клиента/100*0,062",накопительная часть ,Страховые
,,Страховые продукты,Совкомбанк,Классика+,,RUB,ГГА,"4,34%",,18,4,,"Сумма оплаты клиента/100*0,0434",накопительная часть ,Страховые
,,Страховые продукты,Совкомбанк,Классика+,,RUB,ГГА,"1,86%",,18,5,,"Сумма оплаты клиента/100*0,0186",накопительная часть ,Страховые
,,Страховые продукты,Совкомбанк,Классика+,,RUB,ГГА,"65,44%",,19,1,,"Сумма оплаты клиента/100*0,6544",накопительная часть ,Страховые
,,Страховые продукты,Совкомбанк,Классика+,,RUB,ГГА,"9,16%",,19,2,,"Сумма оплаты клиента/100*0,0916",накопительная часть ,Страховые
,,Страховые продукты,Совкомбанк,Классика+,,RUB,ГГА,"6,55%",,19,3,,"Сумма оплаты клиента/100*0,0655",накопительная часть ,Страховые
,,Страховые продукты,Совкомбанк,Классика+,,RUB,ГГА,"4,58%",,19,4,,"Сумма оплаты клиента/100*0,0458",накопительная часть ,Страховые
,,Страховые продукты,Совкомбанк,Классика+,,RUB,ГГА,"1,97%",,19,5,,"Сумма оплаты клиента/100*0,0197",накопительная часть ,Страховые
,,Страховые продукты,Совкомбанк,Классика+,,RUB,ГГА,"68,88%",,20,1,,"Сумма оплаты клиента/100*0,6888",накопительная часть ,Страховые
,,Страховые продукты,Совкомбанк,Классика+,,RUB,ГГА,"9,64%",,20,2,,"Сумма оплаты клиента/100*0,0964",накопительная часть ,Страховые
,,Страховые продукты,Совкомбанк,Классика+,,RUB,ГГА,"6,89%",,20,3,,"Сумма оплаты клиента/100*0,0689",накопительная часть ,Страховые
,,Страховые продукты,Совкомбанк,Классика+,,RUB,ГГА,"4,83%",,20,4,,"Сумма оплаты клиента/100*0,0483",накопительная часть ,Страховые
,,Страховые продукты,Совкомбанк,Классика+,,RUB,ГГА,"2,07%",,20,5,,"Сумма оплаты клиента/100*0,0207",накопительная часть ,Страховые
,,Страховые продукты,Совкомбанк,Классика+ дополнительные опции,,RUB,ГГА,"17,22%",,,1,,"Сумма оплаты клиента/100*0,1722",рискова часть ,Страховые
,,Страховые продукты,Совкомбанк,Классика+ дополнительные опции,,RUB,ГГА,"2,41%",,,2,,"Сумма оплаты клиента/100*0,0241",рискова часть ,Страховые
,,Страховые продукты,Совкомбанк,Классика+ дополнительные опции,,RUB,ГГА,"1,72%",,,3,,"Сумма оплаты клиента/100*0,0172",рискова часть ,Страховые
,,Страховые продукты,Совкомбанк,Классика+ дополнительные опции,,RUB,ГГА,"1,21%",,,4,,"Сумма оплаты клиента/100*0,0121",рискова часть ,Страховые
,,Страховые продукты,Совкомбанк,Классика+ дополнительные опции,,RUB,ГГА,"0,51%",,,5,,"Сумма оплаты клиента/100*0,0051",рискова часть ,Страховые
,,Страховые продукты,Совкомбанк,Юниор+,,RUB,ГГА,"3,45%",,1,1,,"Сумма оплаты клиента/100*0,0345",накопительная часть ,Страховые
,,Страховые продукты,Совкомбанк,Юниор+,,RUB,ГГА,"0,48%",,1,2,,"Сумма оплаты клиента/100*0,0048",накопительная часть ,Страховые
,,Страховые продукты,Совкомбанк,Юниор+,,RUB,ГГА,"0,34%",,1,3,,"Сумма оплаты клиента/100*0,0034",накопительная часть ,Страховые
,,Страховые продукты,Совкомбанк,Юниор+,,RUB,ГГА,"0,24%",,1,4,,"Сумма оплаты клиента/100*0,0024",накопительная часть ,Страховые
,,Страховые продукты,Совкомбанк,Юниор+,,RUB,ГГА,"0,10%",,1,5,,"Сумма оплаты клиента/100*0,001",накопительная часть ,Страховые
,,Страховые продукты,Совкомбанк,Юниор+,,RUB,ГГА,"6,89%",,2,1,,"Сумма оплаты клиента/100*0,0689",накопительная часть ,Страховые
,,Страховые продукты,Совкомбанк,Юниор+,,RUB,ГГА,"0,97%",,2,2,,"Сумма оплаты клиента/100*0,0097",накопительная часть ,Страховые
,,Страховые продукты,Совкомбанк,Юниор+,,RUB,ГГА,"0,69%",,2,3,,"Сумма оплаты клиента/100*0,0069",накопительная часть ,Страховые
,,Страховые продукты,Совкомбанк,Юниор+,,RUB,ГГА,"0,48%",,2,4,,"Сумма оплаты клиента/100*0,0048",накопительная часть ,Страховые
,,Страховые продукты,Совкомбанк,Юниор+,,RUB,ГГА,"0,21%",,2,5,,"Сумма оплаты клиента/100*0,0021",накопительная часть ,Страховые
,,Страховые продукты,Совкомбанк,Юниор+,,RUB,ГГА,"10,34%",,3,1,,"Сумма оплаты клиента/100*0,1034",накопительная часть ,Страховые
,,Страховые продукты,Совкомбанк,Юниор+,,RUB,ГГА,"1,44%",,3,2,,"Сумма оплаты клиента/100*0,0144",накопительная часть ,Страховые
,,Страховые продукты,Совкомбанк,Юниор+,,RUB,ГГА,"1,04%",,3,3,,"Сумма оплаты клиента/100*0,0104",накопительная часть ,Страховые
,,Страховые продукты,Совкомбанк,Юниор+,,RUB,ГГА,"7,24%",,3,4,,"Сумма оплаты клиента/100*0,0724",накопительная часть ,Страховые
,,Страховые продукты,Совкомбанк,Юниор+,,RUB,ГГА,"3,10%",,3,5,,"Сумма оплаты клиента/100*0,031",накопительная часть ,Страховые
,,Страховые продукты,Совкомбанк,Юниор+,,RUB,ГГА,"13,78%",,4,1,,"Сумма оплаты клиента/100*0,1378",накопительная часть ,Страховые
,,Страховые продукты,Совкомбанк,Юниор+,,RUB,ГГА,"1,93%",,4,2,,"Сумма оплаты клиента/100*0,0193",накопительная часть ,Страховые
,,Страховые продукты,Совкомбанк,Юниор+,,RUB,ГГА,"1,38%",,4,3,,"Сумма оплаты клиента/100*0,0138",накопительная часть ,Страховые
,,Страховые продукты,Совкомбанк,Юниор+,,RUB,ГГА,"0,97%",,4,4,,"Сумма оплаты клиента/100*0,0097",накопительная часть ,Страховые
,,Страховые продукты,Совкомбанк,Юниор+,,RUB,ГГА,"0,42%",,4,5,,"Сумма оплаты клиента/100*0,0042",накопительная часть ,Страховые
,,Страховые продукты,Совкомбанк,Юниор+,,RUB,ГГА,"17,22%",,5,1,,"Сумма оплаты клиента/100*0,1722",накопительная часть ,Страховые
,,Страховые продукты,Совкомбанк,Юниор+,,RUB,ГГА,"2,41%",,5,2,,"Сумма оплаты клиента/100*0,0241",накопительная часть ,Страховые
,,Страховые продукты,Совкомбанк,Юниор+,,RUB,ГГА,"1,72%",,5,3,,"Сумма оплаты клиента/100*0,0172",накопительная часть ,Страховые
,,Страховые продукты,Совкомбанк,Юниор+,,RUB,ГГА,"1,21%",,5,4,,"Сумма оплаты клиента/100*0,0121",накопительная часть ,Страховые
,,Страховые продукты,Совкомбанк,Юниор+,,RUB,ГГА,"5,17%",,5,5,,"Сумма оплаты клиента/100*0,0517",накопительная часть ,Страховые
,,Страховые продукты,Совкомбанк,Юниор+,,RUB,ГГА,"20,66%",,6,1,,"Сумма оплаты клиента/100*0,2066",накопительная часть ,Страховые
,,Страховые продукты,Совкомбанк,Юниор+,,RUB,ГГА,"2,90%",,6,2,,"Сумма оплаты клиента/100*0,029",накопительная часть ,Страховые
,,Страховые продукты,Совкомбанк,Юниор+,,RUB,ГГА,"2,07%",,6,3,,"Сумма оплаты клиента/100*0,0207",накопительная часть ,Страховые
,,Страховые продукты,Совкомбанк,Юниор+,,RUB,ГГА,"1,44%",,6,4,,"Сумма оплаты клиента/100*0,0144",накопительная часть ,Страховые
,,Страховые продукты,Совкомбанк,Юниор+,,RUB,ГГА,"0,62%",,6,5,,"Сумма оплаты клиента/100*0,0062",накопительная часть ,Страховые
,,Страховые продукты,Совкомбанк,Юниор+,,RUB,ГГА,"24,11%",,7,1,,"Сумма оплаты клиента/100*0,2411",накопительная часть ,Страховые
,,Страховые продукты,Совкомбанк,Юниор+,,RUB,ГГА,"3,37%",,7,2,,"Сумма оплаты клиента/100*0,0337",накопительная часть ,Страховые
,,Страховые продукты,Совкомбанк,Юниор+,,RUB,ГГА,"2,41%",,7,3,,"Сумма оплаты клиента/100*0,0241",накопительная часть ,Страховые
,,Страховые продукты,Совкомбанк,Юниор+,,RUB,ГГА,"1,69%",,7,4,,"Сумма оплаты клиента/100*0,0169",накопительная часть ,Страховые
,,Страховые продукты,Совкомбанк,Юниор+,,RUB,ГГА,"0,72%",,7,5,,"Сумма оплаты клиента/100*0,0072",накопительная часть ,Страховые
,,Страховые продукты,Совкомбанк,Юниор+,,RUB,ГГА,"27,55%",,8,1,,"Сумма оплаты клиента/100*0,2755",накопительная часть ,Страховые
,,Страховые продукты,Совкомбанк,Юниор+,,RUB,ГГА,"3,86%",,8,2,,"Сумма оплаты клиента/100*0,0386",накопительная часть ,Страховые
,,Страховые продукты,Совкомбанк,Юниор+,,RUB,ГГА,"2,76%",,8,3,,"Сумма оплаты клиента/100*0,0276",накопительная часть ,Страховые
,,Страховые продукты,Совкомбанк,Юниор+,,RUB,ГГА,"1,93%",,8,4,,"Сумма оплаты клиента/100*0,0193",накопительная часть ,Страховые
,,Страховые продукты,Совкомбанк,Юниор+,,RUB,ГГА,"0,83%",,8,5,,"Сумма оплаты клиента/100*0,0083",накопительная часть ,Страховые
,,Страховые продукты,Совкомбанк,Юниор+,,RUB,ГГА,"31,00%",,9,1,,"Сумма оплаты клиента/100*0,31",накопительная часть ,Страховые
,,Страховые продукты,Совкомбанк,Юниор+,,RUB,ГГА,"4,34%",,9,2,,"Сумма оплаты клиента/100*0,0434",накопительная часть ,Страховые
,,Страховые продукты,Совкомбанк,Юниор+,,RUB,ГГА,"3,10%",,9,3,,"Сумма оплаты клиента/100*0,031",накопительная часть ,Страховые
,,Страховые продукты,Совкомбанк,Юниор+,,RUB,ГГА,"2,17%",,9,4,,"Сумма оплаты клиента/100*0,0217",накопительная часть ,Страховые
,,Страховые продукты,Совкомбанк,Юниор+,,RUB,ГГА,"0,93%",,9,5,,"Сумма оплаты клиента/100*0,0093",накопительная часть ,Страховые
,,Страховые продукты,Совкомбанк,Юниор+,,RUB,ГГА,"34,44%",,10,1,,"Сумма оплаты клиента/100*0,3444",накопительная часть ,Страховые
,,Страховые продукты,Совкомбанк,Юниор+,,RUB,ГГА,"4,83%",,10,2,,"Сумма оплаты клиента/100*0,0483",накопительная часть ,Страховые
,,Страховые продукты,Совкомбанк,Юниор+,,RUB,ГГА,"3,45%",,10,3,,"Сумма оплаты клиента/100*0,0345",накопительная часть ,Страховые
,,Страховые продукты,Совкомбанк,Юниор+,,RUB,ГГА,"2,41%",,10,4,,"Сумма оплаты клиента/100*0,0241",накопительная часть ,Страховые
,,Страховые продукты,Совкомбанк,Юниор+,,RUB,ГГА,"1,04%",,10,5,,"Сумма оплаты клиента/100*0,0104",накопительная часть ,Страховые
,,Страховые продукты,Совкомбанк,Юниор+,,RUB,ГГА,"37,89%",,11,1,,"Сумма оплаты клиента/100*0,3789",накопительная часть ,Страховые
,,Страховые продукты,Совкомбанк,Юниор+,,RUB,ГГА,"5,30%",,11,2,,"Сумма оплаты клиента/100*0,053",накопительная часть ,Страховые
,,Страховые продукты,Совкомбанк,Юниор+,,RUB,ГГА,"3,79%",,11,3,,"Сумма оплаты клиента/100*0,0379",накопительная часть ,Страховые
,,Страховые продукты,Совкомбанк,Юниор+,,RUB,ГГА,"2,65%",,11,4,,"Сумма оплаты клиента/100*0,0265",накопительная часть ,Страховые
,,Страховые продукты,Совкомбанк,Юниор+,,RUB,ГГА,"1,14%",,11,5,,"Сумма оплаты клиента/100*0,0114",накопительная часть ,Страховые
,,Страховые продукты,Совкомбанк,Юниор+,,RUB,ГГА,"41,33%",,12,1,,"Сумма оплаты клиента/100*0,4133",накопительная часть ,Страховые
,,Страховые продукты,Совкомбанк,Юниор+,,RUB,ГГА,"5,79%",,12,2,,"Сумма оплаты клиента/100*0,0579",накопительная часть ,Страховые
,,Страховые продукты,Совкомбанк,Юниор+,,RUB,ГГА,"4,13%",,12,3,,"Сумма оплаты клиента/100*0,0413",накопительная часть ,Страховые
,,Страховые продукты,Совкомбанк,Юниор+,,RUB,ГГА,"2,90%",,12,4,,"Сумма оплаты клиента/100*0,029",накопительная часть ,Страховые
,,Страховые продукты,Совкомбанк,Юниор+,,RUB,ГГА,"1,24%",,12,5,,"Сумма оплаты клиента/100*0,0124",накопительная часть ,Страховые
,,Страховые продукты,Совкомбанк,Юниор+,,RUB,ГГА,"44,77%",,13,1,,"Сумма оплаты клиента/100*0,4477",накопительная часть ,Страховые
,,Страховые продукты,Совкомбанк,Юниор+,,RUB,ГГА,"6,27%",,13,2,,"Сумма оплаты клиента/100*0,0627",накопительная часть ,Страховые
,,Страховые продукты,Совкомбанк,Юниор+,,RUB,ГГА,"4,47%",,13,3,,"Сумма оплаты клиента/100*0,0447",накопительная часть ,Страховые
,,Страховые продукты,Совкомбанк,Юниор+,,RUB,ГГА,"3,14%",,13,4,,"Сумма оплаты клиента/100*0,0314",накопительная часть ,Страховые
,,Страховые продукты,Совкомбанк,Юниор+,,RUB,ГГА,"1,34%",,13,5,,"Сумма оплаты клиента/100*0,0134",накопительная часть ,Страховые
,,Страховые продукты,Совкомбанк,Юниор+,,RUB,ГГА,"48,21%",,14,1,,"Сумма оплаты клиента/100*0,4821",накопительная часть ,Страховые
,,Страховые продукты,Совкомбанк,Юниор+,,RUB,ГГА,"6,75%",,14,2,,"Сумма оплаты клиента/100*0,0675",накопительная часть ,Страховые
,,Страховые продукты,Совкомбанк,Юниор+,,RUB,ГГА,"4,83%",,14,3,,"Сумма оплаты клиента/100*0,0483",накопительная часть ,Страховые
,,Страховые продукты,Совкомбанк,Юниор+,,RUB,ГГА,"3,37%",,14,4,,"Сумма оплаты клиента/100*0,0337",накопительная часть ,Страховые
,,Страховые продукты,Совкомбанк,Юниор+,,RUB,ГГА,"1,44%",,14,5,,"Сумма оплаты клиента/100*0,0144",накопительная часть ,Страховые
,,Страховые продукты,Совкомбанк,Юниор+,,RUB,ГГА,"51,66%",,15,1,,"Сумма оплаты клиента/100*0,5166",накопительная часть ,Страховые
,,Страховые продукты,Совкомбанк,Юниор+,,RUB,ГГА,"7,23%",,15,2,,"Сумма оплаты клиента/100*0,0723",накопительная часть ,Страховые
,,Страховые продукты,Совкомбанк,Юниор+,,RUB,ГГА,"5,17%",,15,3,,"Сумма оплаты клиента/100*0,0517",накопительная часть ,Страховые
,,Страховые продукты,Совкомбанк,Юниор+,,RUB,ГГА,"3,62%",,15,4,,"Сумма оплаты клиента/100*0,0362",накопительная часть ,Страховые
,,Страховые продукты,Совкомбанк,Юниор+,,RUB,ГГА,"1,55%",,15,5,,"Сумма оплаты клиента/100*0,0155",накопительная часть ,Страховые
,,Страховые продукты,Совкомбанк,Юниор+,,RUB,ГГА,"55,10%",,16,1,,"Сумма оплаты клиента/100*0,551",накопительная часть ,Страховые
,,Страховые продукты,Совкомбанк,Юниор+,,RUB,ГГА,"7,71%",,16,2,,"Сумма оплаты клиента/100*0,0771",накопительная часть ,Страховые
,,Страховые продукты,Совкомбанк,Юниор+,,RUB,ГГА,"5,51%",,16,3,,"Сумма оплаты клиента/100*0,0551",накопительная часть ,Страховые
,,Страховые продукты,Совкомбанк,Юниор+,,RUB,ГГА,"3,86%",,16,4,,"Сумма оплаты клиента/100*0,0386",накопительная часть ,Страховые
,,Страховые продукты,Совкомбанк,Юниор+,,RUB,ГГА,"1,65%",,16,5,,"Сумма оплаты клиента/100*0,0165",накопительная часть ,Страховые
,,Страховые продукты,Совкомбанк,Юниор+,,RUB,ГГА,"58,55%",,17,1,,"Сумма оплаты клиента/100*0,5855",накопительная часть ,Страховые
,,Страховые продукты,Совкомбанк,Юниор+,,RUB,ГГА,"8,20%",,17,2,,"Сумма оплаты клиента/100*0,082",накопительная часть ,Страховые
,,Страховые продукты,Совкомбанк,Юниор+,,RUB,ГГА,"5,85%",,17,3,,"Сумма оплаты клиента/100*0,0585",накопительная часть ,Страховые
,,Страховые продукты,Совкомбанк,Юниор+,,RUB,ГГА,"4,09%",,17,4,,"Сумма оплаты клиента/100*0,0409",накопительная часть ,Страховые
,,Страховые продукты,Совкомбанк,Юниор+,,RUB,ГГА,"1,76%",,17,5,,"Сумма оплаты клиента/100*0,0176",накопительная часть ,Страховые
,,Страховые продукты,Совкомбанк,Юниор+,,RUB,ГГА,"61,99%",,18,1,,"Сумма оплаты клиента/100*0,6199",накопительная часть ,Страховые
,,Страховые продукты,Совкомбанк,Юниор+,,RUB,ГГА,"8,68%",,18,2,,"Сумма оплаты клиента/100*0,0868",накопительная часть ,Страховые
,,Страховые продукты,Совкомбанк,Юниор+,,RUB,ГГА,"6,20%",,18,3,,"Сумма оплаты клиента/100*0,062",накопительная часть ,Страховые
,,Страховые продукты,Совкомбанк,Юниор+,,RUB,ГГА,"4,34%",,18,4,,"Сумма оплаты клиента/100*0,0434",накопительная часть ,Страховые
,,Страховые продукты,Совкомбанк,Юниор+,,RUB,ГГА,"1,86%",,18,5,,"Сумма оплаты клиента/100*0,0186",накопительная часть ,Страховые
,,Страховые продукты,Совкомбанк,Юниор+,,RUB,ГГА,"65,44%",,19,1,,"Сумма оплаты клиента/100*0,6544",накопительная часть ,Страховые
,,Страховые продукты,Совкомбанк,Юниор+,,RUB,ГГА,"9,16%",,19,2,,"Сумма оплаты клиента/100*0,0916",накопительная часть ,Страховые
,,Страховые продукты,Совкомбанк,Юниор+,,RUB,ГГА,"6,55%",,19,3,,"Сумма оплаты клиента/100*0,0655",накопительная часть ,Страховые
,,Страховые продукты,Совкомбанк,Юниор+,,RUB,ГГА,"4,58%",,19,4,,"Сумма оплаты клиента/100*0,0458",накопительная часть ,Страховые
,,Страховые продукты,Совкомбанк,Юниор+,,RUB,ГГА,"1,97%",,19,5,,"Сумма оплаты клиента/100*0,0197",накопительная часть ,Страховые
,,Страховые продукты,Совкомбанк,Юниор+,,RUB,ГГА,"68,88%",,20,1,,"Сумма оплаты клиента/100*0,6888",накопительная часть ,Страховые
,,Страховые продукты,Совкомбанк,Юниор+,,RUB,ГГА,"9,64%",,20,2,,"Сумма оплаты клиента/100*0,0964",накопительная часть ,Страховые
,,Страховые продукты,Совкомбанк,Юниор+,,RUB,ГГА,"6,89%",,20,3,,"Сумма оплаты клиента/100*0,0689",накопительная часть ,Страховые
,,Страховые продукты,Совкомбанк,Юниор+,,RUB,ГГА,"4,83%",,20,4,,"Сумма оплаты клиента/100*0,0483",накопительная часть ,Страховые
,,Страховые продукты,Совкомбанк,Юниор+,,RUB,ГГА,"2,07%",,20,5,,"Сумма оплаты клиента/100*0,0207",накопительная часть ,Страховые
,,Страховые продукты,Совкомбанк,Юниор+ дополнительные опции,,RUB,ГГА,"17,22%",,,1,,"Сумма оплаты клиента/100*0,1722",рискова часть ,Страховые
,,Страховые продукты,Совкомбанк,Юниор+ дополнительные опции,,RUB,ГГА,"2,41%",,,2,,"Сумма оплаты клиента/100*0,0241",рискова часть ,Страховые
,,Страховые продукты,Совкомбанк,Юниор+ дополнительные опции,,RUB,ГГА,"1,72%",,,3,,"Сумма оплаты клиента/100*0,0172",рискова часть ,Страховые
,,Страховые продукты,Совкомбанк,Юниор+ дополнительные опции,,RUB,ГГА,"1,21%",,,4,,"Сумма оплаты клиента/100*0,0121",рискова часть ,Страховые
,,Страховые продукты,Совкомбанк,Юниор+ дополнительные опции,,RUB,ГГА,"0,51%",,,5,,"Сумма оплаты клиента/100*0,0051",рискова часть ,Страховые
,,Страховые продукты,Ренессанс,Решающее приемущество (Best doctors),,RUB,ГГА,"17,22%",,ежегодно при оплате клиентом,,,"Сумма оплаты клиента/100*0,1722",,Страховые
,,Страховые продукты,Альфа,ВИП,,RUB,ГГА,"34,44%",,ежегодно при оплате клиентом,,,"Сумма оплаты клиента/100*0,3444",выплата комиссионного вознаграждение происходит через 1 месяц после открытия контракта,Страховые
,,Страховые продукты,Зетта,Подарок Ребенку,,RUB,ГГА,"11,97%",,7-9,1,,"Сумма оплаты клиента/100*0,1197",регулярное пополнение,Страховые
,,Страховые продукты,Зетта,Подарок Ребенку,,RUB,ГГА,"4,28%",,7-9,2,,"Сумма оплаты клиента/100*0,0428",регулярное пополнение,Страховые
,,Страховые продукты,Зетта,Подарок Ребенку,,RUB,ГГА,"2,57%",,7-9,3,,"Сумма оплаты клиента/100*0,0257",регулярное пополнение,Страховые
,,Страховые продукты,Зетта,Подарок Ребенку,,RUB,ГГА,"1,71%",,7-9,4,,"Сумма оплаты клиента/100*0,0171",регулярное пополнение,Страховые
,,Страховые продукты,Зетта,Подарок Ребенку,,RUB,ГГА,"0,86%",,7-9,5,,"Сумма оплаты клиента/100*0,0086",регулярное пополнение,Страховые
,,Страховые продукты,Зетта,Подарок Ребенку,,RUB,ГГА,"34,20%",,10-14,1,,"Сумма оплаты клиента/100*0,342",регулярное пополнение,Страховые
,,Страховые продукты,Зетта,Подарок Ребенку,,RUB,ГГА,"8,55%",,10-14,2,,"Сумма оплаты клиента/100*0,0855",регулярное пополнение,Страховые
,,Страховые продукты,Зетта,Подарок Ребенку,,RUB,ГГА,"4,28%",,10-14,3,,"Сумма оплаты клиента/100*0,0428",регулярное пополнение,Страховые
,,Страховые продукты,Зетта,Подарок Ребенку,,RUB,ГГА,"2,57%",,10-14,4,,"Сумма оплаты клиента/100*0,0257",регулярное пополнение,Страховые
,,Страховые продукты,Зетта,Подарок Ребенку,,RUB,ГГА,"0,86%",,10-14,5,,"Сумма оплаты клиента/100*0,0086",регулярное пополнение,Страховые
,,Страховые продукты,Зетта,Подарок Ребенку,,RUB,ГГА,"56,43%",,15-19,1,,"Сумма оплаты клиента/100*0,5643",регулярное пополнение,Страховые
,,Страховые продукты,Зетта,Подарок Ребенку,,RUB,ГГА,"8,55%",,15-19,2,,"Сумма оплаты клиента/100*0,0855",регулярное пополнение,Страховые
,,Страховые продукты,Зетта,Подарок Ребенку,,RUB,ГГА,"4,28%",,15-19,3,,"Сумма оплаты клиента/100*0,0428",регулярное пополнение,Страховые
,,Страховые продукты,Зетта,Подарок Ребенку,,RUB,ГГА,"2,57%",,15-19,4,,"Сумма оплаты клиента/100*0,0257",регулярное пополнение,Страховые
,,Страховые продукты,Зетта,Подарок Ребенку,,RUB,ГГА,"0,86%",,15-19,5,,"Сумма оплаты клиента/100*0,0086",регулярное пополнение,Страховые
,,Страховые продукты,Зетта,Подарок Ребенку,,RUB,ГГА,"64,13%",,20-24,1,,"Сумма оплаты клиента/100*0,6413",регулярное пополнение,Страховые
,,Страховые продукты,Зетта,Подарок Ребенку,,RUB,ГГА,"8,55%",,20-24,2,,"Сумма оплаты клиента/100*0,0855",регулярное пополнение,Страховые
,,Страховые продукты,Зетта,Подарок Ребенку,,RUB,ГГА,"4,28%",,20-24,3,,"Сумма оплаты клиента/100*0,0428",регулярное пополнение,Страховые
,,Страховые продукты,Зетта,Подарок Ребенку,,RUB,ГГА,"2,57%",,20-24,4,,"Сумма оплаты клиента/100*0,0257",регулярное пополнение,Страховые
,,Страховые продукты,Зетта,Подарок Ребенку,,RUB,ГГА,"0,86%",,20-24,5,,"Сумма оплаты клиента/100*0,0086",регулярное пополнение,Страховые
,,Страховые продукты,Зетта,Подарок Ребенку,,RUB,ГГА,"68,40%",,25-30,1,,"Сумма оплаты клиента/100*0,684",регулярное пополнение,Страховые
,,Страховые продукты,Зетта,Подарок Ребенку,,RUB,ГГА,"8,55%",,25-30,2,,"Сумма оплаты клиента/100*0,0855",регулярное пополнение,Страховые
,,Страховые продукты,Зетта,Подарок Ребенку,,RUB,ГГА,"4,28%",,25-30,3,,"Сумма оплаты клиента/100*0,0428",регулярное пополнение,Страховые
,,Страховые продукты,Зетта,Подарок Ребенку,,RUB,ГГА,"2,57%",,25-30,4,,"Сумма оплаты клиента/100*0,0257",регулярное пополнение,Страховые
,,Страховые продукты,Зетта,Подарок Ребенку,,RUB,ГГА,"0,86%",,25-30,5,,"Сумма оплаты клиента/100*0,0086",регулярное пополнение,Страховые
,,Страховые продукты,Зетта,Подарок Ребенку доп. риски,,RUB,ГГА,"17,10%",,,комиссия оплачивается за все года оплачиваемые клиентом,,"Сумма оплаты клиента/100*0,171",,Страховые
,,Страховые продукты,Зетта,Подарок Ребенку,,RUB,ГГА,"2,05%",,< 10 000 000,,,"Сумма оплаты клиента/100*0,0205",единовременная оплата,Страховые
,,Страховые продукты,Зетта,Подарок Ребенку,,RUB,ГГА,"1,43%",,≥ 10 000 000,,,"Сумма оплаты клиента/100*0,0143",единовременная оплата,Страховые
,,Страховые продукты,Зетта,Азбука защиты,,RUB,ГГА,"10,26%",,1,1,,"Сумма оплаты клиента/100*0,1026",основной риск,Страховые
,,Страховые продукты,Зетта,Азбука защиты,,RUB,ГГА,"15,39%",,2,1,,"Сумма оплаты клиента/100*0,1539",основной риск,Страховые
,,Страховые продукты,Зетта,Азбука защиты,,RUB,ГГА,"10,26%",,2,2,,"Сумма оплаты клиента/100*0,1026",основной риск,Страховые
,,Страховые продукты,Зетта,Азбука защиты,,RUB,ГГА,"15,39%",,3,1,,"Сумма оплаты клиента/100*0,1539",основной риск,Страховые
,,Страховые продукты,Зетта,Азбука защиты,,RUB,ГГА,"15,39%",,3,2,,"Сумма оплаты клиента/100*0,1539",основной риск,Страховые
,,Страховые продукты,Зетта,Азбука защиты,,RUB,ГГА,"10,26%",,3,3,,"Сумма оплаты клиента/100*0,1026",основной риск,Страховые
,,Страховые продукты,Зетта,Азбука защиты,,RUB,ГГА,"15,39%",,4,1,,"Сумма оплаты клиента/100*0,1539",основной риск,Страховые
,,Страховые продукты,Зетта,Азбука защиты,,RUB,ГГА,"15,39%",,4,2,,"Сумма оплаты клиента/100*0,1539",основной риск,Страховые
,,Страховые продукты,Зетта,Азбука защиты,,RUB,ГГА,"15,39%",,4,3,,"Сумма оплаты клиента/100*0,1539",основной риск,Страховые
,,Страховые продукты,Зетта,Азбука защиты,,RUB,ГГА,"10,26%",,4,4,,"Сумма оплаты клиента/100*0,1026",основной риск,Страховые
,,Страховые продукты,Зетта,Азбука защиты,,RUB,ГГА,"15,39%",,5,1,,"Сумма оплаты клиента/100*0,1539",основной риск,Страховые
,,Страховые продукты,Зетта,Азбука защиты,,RUB,ГГА,"15,39%",,5,2,,"Сумма оплаты клиента/100*0,1539",основной риск,Страховые
,,Страховые продукты,Зетта,Азбука защиты,,RUB,ГГА,"15,39%",,5,3,,"Сумма оплаты клиента/100*0,1539",основной риск,Страховые
,,Страховые продукты,Зетта,Азбука защиты,,RUB,ГГА,"15,39%",,5,4,,"Сумма оплаты клиента/100*0,1539",основной риск,Страховые
,,Страховые продукты,Зетта,Азбука защиты,,RUB,ГГА,"15,39%",,5,5,,"Сумма оплаты клиента/100*0,1539",основной риск,Страховые
,,Страховые продукты,Зетта,Азбука защиты,,RUB,ГГА,"20,52%",,6,1,,"Сумма оплаты клиента/100*0,2052",основной риск,Страховые
,,Страховые продукты,Зетта,Азбука защиты,,RUB,ГГА,"15,39%",,6,2,,"Сумма оплаты клиента/100*0,1539",основной риск,Страховые
,,Страховые продукты,Зетта,Азбука защиты,,RUB,ГГА,"15,39%",,6,3,,"Сумма оплаты клиента/100*0,1539",основной риск,Страховые
,,Страховые продукты,Зетта,Азбука защиты,,RUB,ГГА,"15,39%",,6,4,,"Сумма оплаты клиента/100*0,1539",основной риск,Страховые
,,Страховые продукты,Зетта,Азбука защиты,,RUB,ГГА,"15,39%",,6,5,,"Сумма оплаты клиента/100*0,1539",основной риск,Страховые
,,Страховые продукты,Зетта,Азбука защиты,,RUB,ГГА,"20,52%",,7,1,,"Сумма оплаты клиента/100*0,2052",основной риск,Страховые
,,Страховые продукты,Зетта,Азбука защиты,,RUB,ГГА,"20,52%",,7,2,,"Сумма оплаты клиента/100*0,2052",основной риск,Страховые
,,Страховые продукты,Зетта,Азбука защиты,,RUB,ГГА,"15,39%",,7,3,,"Сумма оплаты клиента/100*0,1539",основной риск,Страховые
,,Страховые продукты,Зетта,Азбука защиты,,RUB,ГГА,"15,39%",,7,4,,"Сумма оплаты клиента/100*0,1539",основной риск,Страховые
,,Страховые продукты,Зетта,Азбука защиты,,RUB,ГГА,"15,39%",,7,5,,"Сумма оплаты клиента/100*0,1539",основной риск,Страховые
,,Страховые продукты,Зетта,Азбука защиты,,RUB,ГГА,"20,52%",,8,1,,"Сумма оплаты клиента/100*0,2052",основной риск,Страховые
,,Страховые продукты,Зетта,Азбука защиты,,RUB,ГГА,"20,52%",,8,2,,"Сумма оплаты клиента/100*0,2052",основной риск,Страховые
,,Страховые продукты,Зетта,Азбука защиты,,RUB,ГГА,"20,52%",,8,3,,"Сумма оплаты клиента/100*0,2052",основной риск,Страховые
,,Страховые продукты,Зетта,Азбука защиты,,RUB,ГГА,"15,39%",,8,4,,"Сумма оплаты клиента/100*0,1539",основной риск,Страховые
,,Страховые продукты,Зетта,Азбука защиты,,RUB,ГГА,"15,39%",,8,5,,"Сумма оплаты клиента/100*0,1539",основной риск,Страховые
,,Страховые продукты,Зетта,Азбука защиты,,RUB,ГГА,"20,52%",,9,1,,"Сумма оплаты клиента/100*0,2052",основной риск,Страховые
,,Страховые продукты,Зетта,Азбука защиты,,RUB,ГГА,"20,52%",,9,2,,"Сумма оплаты клиента/100*0,2052",основной риск,Страховые
,,Страховые продукты,Зетта,Азбука защиты,,RUB,ГГА,"20,52%",,9,3,,"Сумма оплаты клиента/100*0,2052",основной риск,Страховые
,,Страховые продукты,Зетта,Азбука защиты,,RUB,ГГА,"20,52%",,9,4,,"Сумма оплаты клиента/100*0,2052",основной риск,Страховые
,,Страховые продукты,Зетта,Азбука защиты,,RUB,ГГА,"15,39%",,9,5,,"Сумма оплаты клиента/100*0,1539",основной риск,Страховые
,,Страховые продукты,Зетта,Азбука защиты,,RUB,ГГА,"20,52%",,10,1,,"Сумма оплаты клиента/100*0,2052",основной риск,Страховые
,,Страховые продукты,Зетта,Азбука защиты,,RUB,ГГА,"20,52%",,10,2,,"Сумма оплаты клиента/100*0,2052",основной риск,Страховые
,,Страховые продукты,Зетта,Азбука защиты,,RUB,ГГА,"20,52%",,10,3,,"Сумма оплаты клиента/100*0,2052",основной риск,Страховые
,,Страховые продукты,Зетта,Азбука защиты,,RUB,ГГА,"20,52%",,10,4,,"Сумма оплаты клиента/100*0,2052",основной риск,Страховые
,,Страховые продукты,Зетта,Азбука защиты,,RUB,ГГА,"20,52%",,10,5,,"Сумма оплаты клиента/100*0,2052",основной риск,Страховые
,,Страховые продукты,Зетта,Азбука защиты,,RUB,ГГА,"25,65%",,11,1,,"Сумма оплаты клиента/100*0,2565",основной риск,Страховые
,,Страховые продукты,Зетта,Азбука защиты,,RUB,ГГА,"20,52%",,11,2,,"Сумма оплаты клиента/100*0,2052",основной риск,Страховые
,,Страховые продукты,Зетта,Азбука защиты,,RUB,ГГА,"20,52%",,11,3,,"Сумма оплаты клиента/100*0,2052",основной риск,Страховые
,,Страховые продукты,Зетта,Азбука защиты,,RUB,ГГА,"20,52%",,11,4,,"Сумма оплаты клиента/100*0,2052",основной риск,Страховые
,,Страховые продукты,Зетта,Азбука защиты,,RUB,ГГА,"20,52%",,11,5,,"Сумма оплаты клиента/100*0,2052",основной риск,Страховые
,,Страховые продукты,Зетта,Азбука защиты,,RUB,ГГА,"25,65%",,12,1,,"Сумма оплаты клиента/100*0,2565",основной риск,Страховые
,,Страховые продукты,Зетта,Азбука защиты,,RUB,ГГА,"25,65%",,12,2,,"Сумма оплаты клиента/100*0,2565",основной риск,Страховые
,,Страховые продукты,Зетта,Азбука защиты,,RUB,ГГА,"20,52%",,12,3,,"Сумма оплаты клиента/100*0,2052",основной риск,Страховые
,,Страховые продукты,Зетта,Азбука защиты,,RUB,ГГА,"20,52%",,12,4,,"Сумма оплаты клиента/100*0,2052",основной риск,Страховые
,,Страховые продукты,Зетта,Азбука защиты,,RUB,ГГА,"20,52%",,12,5,,"Сумма оплаты клиента/100*0,2052",основной риск,Страховые
,,Страховые продукты,Зетта,Азбука защиты,,RUB,ГГА,"25,65%",,13,1,,"Сумма оплаты клиента/100*0,2565",основной риск,Страховые
,,Страховые продукты,Зетта,Азбука защиты,,RUB,ГГА,"25,65%",,13,2,,"Сумма оплаты клиента/100*0,2565",основной риск,Страховые
,,Страховые продукты,Зетта,Азбука защиты,,RUB,ГГА,"25,65%",,13,3,,"Сумма оплаты клиента/100*0,2565",основной риск,Страховые
,,Страховые продукты,Зетта,Азбука защиты,,RUB,ГГА,"20,52%",,13,4,,"Сумма оплаты клиента/100*0,2052",основной риск,Страховые
,,Страховые продукты,Зетта,Азбука защиты,,RUB,ГГА,"20,52%",,13,5,,"Сумма оплаты клиента/100*0,2052",основной риск,Страховые
,,Страховые продукты,Зетта,Азбука защиты,,RUB,ГГА,"25,65%",,14,1,,"Сумма оплаты клиента/100*0,2565",основной риск,Страховые
,,Страховые продукты,Зетта,Азбука защиты,,RUB,ГГА,"25,65%",,14,2,,"Сумма оплаты клиента/100*0,2565",основной риск,Страховые
,,Страховые продукты,Зетта,Азбука защиты,,RUB,ГГА,"25,65%",,14,3,,"Сумма оплаты клиента/100*0,2565",основной риск,Страховые
,,Страховые продукты,Зетта,Азбука защиты,,RUB,ГГА,"25,65%",,14,4,,"Сумма оплаты клиента/100*0,2565",основной риск,Страховые
,,Страховые продукты,Зетта,Азбука защиты,,RUB,ГГА,"20,52%",,14,5,,"Сумма оплаты клиента/100*0,2052",основной риск,Страховые
,,Страховые продукты,Зетта,Азбука защиты,,RUB,ГГА,"25,65%",,15-30,1,,"Сумма оплаты клиента/100*0,2565",основной риск,Страховые
,,Страховые продукты,Зетта,Азбука защиты,,RUB,ГГА,"25,65%",,15-30,2,,"Сумма оплаты клиента/100*0,2565",основной риск,Страховые
,,Страховые продукты,Зетта,Азбука защиты,,RUB,ГГА,"25,65%",,15-30,3,,"Сумма оплаты клиента/100*0,2565",основной риск,Страховые
,,Страховые продукты,Зетта,Азбука защиты,,RUB,ГГА,"25,65%",,15-30,4,,"Сумма оплаты клиента/100*0,2565",основной риск,Страховые
,,Страховые продукты,Зетта,Азбука защиты,,RUB,ГГА,"25,65%",,15-30,5,,"Сумма оплаты клиента/100*0,2565",основной риск,Страховые
,,Страховые продукты,Зетта,Азбука защиты доп. риск,,RUB,ГГА,"8,55%",,1,комиссия оплачивается за все года оплачиваемые клиентом,,"Сумма оплаты клиента/100*0,0855",дополнительный риск,Страховые
,,Страховые продукты,Зетта,Азбука защиты доп. риск,,RUB,ГГА,"12,83%",,2,комиссия оплачивается за все года оплачиваемые клиентом,,"Сумма оплаты клиента/100*0,1283",дополнительный риск,Страховые
,,Страховые продукты,Зетта,Азбука защиты доп. риск,,RUB,ГГА,"12,83%",,3,комиссия оплачивается за все года оплачиваемые клиентом,,"Сумма оплаты клиента/100*0,1283",дополнительный риск,Страховые
,,Страховые продукты,Зетта,Азбука защиты доп. риск,,RUB,ГГА,"12,83%",,4,комиссия оплачивается за все года оплачиваемые клиентом,,"Сумма оплаты клиента/100*0,1283",дополнительный риск,Страховые
,,Страховые продукты,Зетта,Азбука защиты доп. риск,,RUB,ГГА,"12,83%",,5,комиссия оплачивается за все года оплачиваемые клиентом,,"Сумма оплаты клиента/100*0,1283",дополнительный риск,Страховые
,,Страховые продукты,Зетта,Азбука защиты доп. риск,,RUB,ГГА,"17,10%",,6-30,комиссия оплачивается за все года оплачиваемые клиентом,,"Сумма оплаты клиента/100*0,171",дополнительный риск,Страховые
,,Страховые продукты,Зетта,Защита +,,RUB,ГГА,"10,26%",,,,,"Сумма оплаты клиента/100*0,1026",,Страховые
,,Страховые продукты,БКС Страхование Жизни,Лидер ГГА 3 года,,RUB,ГГА,"3,45%",,,,,"Сумма оплаты клиента/100*0,0345",,Страховая оболочка
,,Страховые продукты,БКС Страхование Жизни,Лидер ГГА 5 лет,,RUB,ГГА,"6,89%",,,,,"Сумма оплаты клиента/100*0,0689",,Страховая оболочка
,,Страховые продукты,БКС Страхование Жизни,Эволюция ГГА 10 лет,,RUB,ГГА,87%,,,,,"Сумма ежегодного взноса/100*0,87","Баллы и комссионные расчитываются от суммы годового взноса контракта, выплата комиссионных и начисление баллов через 1 мес. после активации контактов",Страховая оболочка
,,Дополнительные продукты,Недвижимость Шефер,НЕДВИЖИМОСТЬ,,,ИП Шефер,5%,,,,,"Сумма догвора/100*0,05",от объема покупки,Недвижимость
,,Дополнительные продукты,ВНЖ ,ВНЖ Армения,,, ИП Скрипниченко С.П.,400 дол.,,,,,Фикс оплата за кейс.,,ВНЖ
,НОВЫЙ ПРОДУКТ,,IAL,,,,,,,,,,,,
,,,РАНКС,,,,,,,,,,,,Портфельное управление